[2025-06-18T02:52:44.426Z] [LOG] 🔁 Starting to listen for PigShop events
[2025-06-18T02:52:44.427Z] [LOG] ➡️ Starting to catch PigShop events
[2025-06-18T02:52:44.427Z] [LOG] 🔍 Listen address: EQBoYAWAd5Wjzij1fX1iLw9mfRhwutNzsHX6rG7TB6qk3o_P
[2025-06-18T02:52:44.427Z] [LOG] 📌 Last known lt: 35820187000003
[2025-06-18T02:52:44.427Z] [LOG] 📌 Last known lt: 35820187000003
[2025-06-18T02:52:44.535Z] [LOG] 👛 Admin wallet loaded: EQBfJH9a8I9C8eU0iu9wRkcWBmNtUZmJzeHGi1IcCTaoHfZr
[2025-06-18T02:52:44.535Z] [LOG] 🏪 PigShop contract opened at: EQBoYAWAd5Wjzij1fX1iLw9mfRhwutNzsHX6rG7TB6qk3o_P
[2025-06-18T02:52:45.301Z] [LOG] ⚠️ No new transactions found
[2025-06-18T02:52:47.303Z] [LOG] ➡️ Starting to catch PigShop events
[2025-06-18T02:52:47.304Z] [LOG] 🔍 Listen address: EQBoYAWAd5Wjzij1fX1iLw9mfRhwutNzsHX6rG7TB6qk3o_P
[2025-06-18T02:52:47.304Z] [LOG] 📌 Last known lt: 35820187000003
[2025-06-18T02:52:47.305Z] [LOG] 📌 Last known lt: 35820187000003
[2025-06-18T02:52:47.379Z] [LOG] 👛 Admin wallet loaded: EQBfJH9a8I9C8eU0iu9wRkcWBmNtUZmJzeHGi1IcCTaoHfZr
[2025-06-18T02:52:47.379Z] [LOG] 🏪 PigShop contract opened at: EQBoYAWAd5Wjzij1fX1iLw9mfRhwutNzsHX6rG7TB6qk3o_P
[2025-06-18T02:52:47.551Z] [LOG] ⚠️ No new transactions found
[2025-06-18T02:52:49.552Z] [LOG] ➡️ Starting to catch PigShop events
[2025-06-18T02:52:49.552Z] [LOG] 🔍 Listen address: EQBoYAWAd5Wjzij1fX1iLw9mfRhwutNzsHX6rG7TB6qk3o_P
[2025-06-18T02:52:49.553Z] [LOG] 📌 Last known lt: 35820187000003
[2025-06-18T02:52:49.553Z] [LOG] 📌 Last known lt: 35820187000003
[2025-06-18T02:52:49.629Z] [LOG] 👛 Admin wallet loaded: EQBfJH9a8I9C8eU0iu9wRkcWBmNtUZmJzeHGi1IcCTaoHfZr
[2025-06-18T02:52:49.629Z] [LOG] 🏪 PigShop contract opened at: EQBoYAWAd5Wjzij1fX1iLw9mfRhwutNzsHX6rG7TB6qk3o_P
[2025-06-18T02:52:49.800Z] [LOG] ⚠️ No new transactions found
[2025-06-18T02:52:51.799Z] [LOG] ➡️ Starting to catch PigShop events
[2025-06-18T02:52:51.800Z] [LOG] 🔍 Listen address: EQBoYAWAd5Wjzij1fX1iLw9mfRhwutNzsHX6rG7TB6qk3o_P
[2025-06-18T02:52:51.800Z] [LOG] 📌 Last known lt: 35820187000003
[2025-06-18T02:52:51.800Z] [LOG] 📌 Last known lt: 35820187000003
[2025-06-18T02:52:51.887Z] [LOG] 👛 Admin wallet loaded: EQBfJH9a8I9C8eU0iu9wRkcWBmNtUZmJzeHGi1IcCTaoHfZr
[2025-06-18T02:52:51.887Z] [LOG] 🏪 PigShop contract opened at: EQBoYAWAd5Wjzij1fX1iLw9mfRhwutNzsHX6rG7TB6qk3o_P
[2025-06-18T02:52:52.059Z] [LOG] ⚠️ No new transactions found
[2025-06-18T02:52:54.060Z] [LOG] ➡️ Starting to catch PigShop events
[2025-06-18T02:52:54.060Z] [LOG] 🔍 Listen address: EQBoYAWAd5Wjzij1fX1iLw9mfRhwutNzsHX6rG7TB6qk3o_P
[2025-06-18T02:52:54.060Z] [LOG] 📌 Last known lt: 35820187000003
[2025-06-18T02:52:54.061Z] [LOG] 📌 Last known lt: 35820187000003
[2025-06-18T02:52:54.142Z] [LOG] 👛 Admin wallet loaded: EQBfJH9a8I9C8eU0iu9wRkcWBmNtUZmJzeHGi1IcCTaoHfZr
[2025-06-18T02:52:54.143Z] [LOG] 🏪 PigShop contract opened at: EQBoYAWAd5Wjzij1fX1iLw9mfRhwutNzsHX6rG7TB6qk3o_P
[2025-06-18T02:52:54.389Z] [LOG] ⚠️ No new transactions found
[2025-06-18T02:52:56.389Z] [LOG] ➡️ Starting to catch PigShop events
[2025-06-18T02:52:56.390Z] [LOG] 🔍 Listen address: EQBoYAWAd5Wjzij1fX1iLw9mfRhwutNzsHX6rG7TB6qk3o_P
[2025-06-18T02:52:56.390Z] [LOG] 📌 Last known lt: 35820187000003
[2025-06-18T02:52:56.390Z] [LOG] 📌 Last known lt: 35820187000003
[2025-06-18T02:52:56.464Z] [LOG] 👛 Admin wallet loaded: EQBfJH9a8I9C8eU0iu9wRkcWBmNtUZmJzeHGi1IcCTaoHfZr
[2025-06-18T02:52:56.464Z] [LOG] 🏪 PigShop contract opened at: EQBoYAWAd5Wjzij1fX1iLw9mfRhwutNzsHX6rG7TB6qk3o_P
[2025-06-18T02:52:56.642Z] [LOG] ⚠️ No new transactions found
[2025-06-18T02:52:58.644Z] [LOG] ➡️ Starting to catch PigShop events
[2025-06-18T02:52:58.644Z] [LOG] 🔍 Listen address: EQBoYAWAd5Wjzij1fX1iLw9mfRhwutNzsHX6rG7TB6qk3o_P
[2025-06-18T02:52:58.645Z] [LOG] 📌 Last known lt: 35820187000003
[2025-06-18T02:52:58.645Z] [LOG] 📌 Last known lt: 35820187000003
[2025-06-18T02:52:58.738Z] [LOG] 👛 Admin wallet loaded: EQBfJH9a8I9C8eU0iu9wRkcWBmNtUZmJzeHGi1IcCTaoHfZr
[2025-06-18T02:52:58.738Z] [LOG] 🏪 PigShop contract opened at: EQBoYAWAd5Wjzij1fX1iLw9mfRhwutNzsHX6rG7TB6qk3o_P
[2025-06-18T02:52:58.913Z] [LOG] ⚠️ No new transactions found
[2025-06-18T02:53:00.915Z] [LOG] ➡️ Starting to catch PigShop events
[2025-06-18T02:53:00.915Z] [LOG] 🔍 Listen address: EQBoYAWAd5Wjzij1fX1iLw9mfRhwutNzsHX6rG7TB6qk3o_P
[2025-06-18T02:53:00.915Z] [LOG] 📌 Last known lt: 35820187000003
[2025-06-18T02:53:00.916Z] [LOG] 📌 Last known lt: 35820187000003
[2025-06-18T02:53:01.006Z] [LOG] 👛 Admin wallet loaded: EQBfJH9a8I9C8eU0iu9wRkcWBmNtUZmJzeHGi1IcCTaoHfZr
[2025-06-18T02:53:01.006Z] [LOG] 🏪 PigShop contract opened at: EQBoYAWAd5Wjzij1fX1iLw9mfRhwutNzsHX6rG7TB6qk3o_P
[2025-06-18T02:53:01.269Z] [LOG] ⚠️ No new transactions found
[2025-06-18T02:53:03.270Z] [LOG] ➡️ Starting to catch PigShop events
[2025-06-18T02:53:03.270Z] [LOG] 🔍 Listen address: EQBoYAWAd5Wjzij1fX1iLw9mfRhwutNzsHX6rG7TB6qk3o_P
[2025-06-18T02:53:03.271Z] [LOG] 📌 Last known lt: 35820187000003
[2025-06-18T02:53:03.271Z] [LOG] 📌 Last known lt: 35820187000003
[2025-06-18T02:53:03.348Z] [LOG] 👛 Admin wallet loaded: EQBfJH9a8I9C8eU0iu9wRkcWBmNtUZmJzeHGi1IcCTaoHfZr
[2025-06-18T02:53:03.348Z] [LOG] 🏪 PigShop contract opened at: EQBoYAWAd5Wjzij1fX1iLw9mfRhwutNzsHX6rG7TB6qk3o_P
[2025-06-18T02:53:03.521Z] [LOG] ⚠️ No new transactions found
[2025-06-18T02:53:05.522Z] [LOG] ➡️ Starting to catch PigShop events
[2025-06-18T02:53:05.523Z] [LOG] 🔍 Listen address: EQBoYAWAd5Wjzij1fX1iLw9mfRhwutNzsHX6rG7TB6qk3o_P
[2025-06-18T02:53:05.523Z] [LOG] 📌 Last known lt: 35820187000003
[2025-06-18T02:53:05.523Z] [LOG] 📌 Last known lt: 35820187000003
[2025-06-18T02:53:05.600Z] [LOG] 👛 Admin wallet loaded: EQBfJH9a8I9C8eU0iu9wRkcWBmNtUZmJzeHGi1IcCTaoHfZr
[2025-06-18T02:53:05.600Z] [LOG] 🏪 PigShop contract opened at: EQBoYAWAd5Wjzij1fX1iLw9mfRhwutNzsHX6rG7TB6qk3o_P
[2025-06-18T02:53:05.776Z] [LOG] ⚠️ No new transactions found
[2025-06-18T02:53:07.777Z] [LOG] ➡️ Starting to catch PigShop events
[2025-06-18T02:53:07.777Z] [LOG] 🔍 Listen address: EQBoYAWAd5Wjzij1fX1iLw9mfRhwutNzsHX6rG7TB6qk3o_P
[2025-06-18T02:53:07.778Z] [LOG] 📌 Last known lt: 35820187000003
[2025-06-18T02:53:07.778Z] [LOG] 📌 Last known lt: 35820187000003
[2025-06-18T02:53:07.856Z] [LOG] 👛 Admin wallet loaded: EQBfJH9a8I9C8eU0iu9wRkcWBmNtUZmJzeHGi1IcCTaoHfZr
[2025-06-18T02:53:07.856Z] [LOG] 🏪 PigShop contract opened at: EQBoYAWAd5Wjzij1fX1iLw9mfRhwutNzsHX6rG7TB6qk3o_P
[2025-06-18T02:53:08.031Z] [LOG] ⚠️ No new transactions found
[2025-06-18T02:53:10.032Z] [LOG] ➡️ Starting to catch PigShop events
[2025-06-18T02:53:10.032Z] [LOG] 🔍 Listen address: EQBoYAWAd5Wjzij1fX1iLw9mfRhwutNzsHX6rG7TB6qk3o_P
[2025-06-18T02:53:10.035Z] [LOG] 📌 Last known lt: 35820187000003
[2025-06-18T02:53:10.035Z] [LOG] 📌 Last known lt: 35820187000003
[2025-06-18T02:53:10.109Z] [LOG] 👛 Admin wallet loaded: EQBfJH9a8I9C8eU0iu9wRkcWBmNtUZmJzeHGi1IcCTaoHfZr
[2025-06-18T02:53:10.109Z] [LOG] 🏪 PigShop contract opened at: EQBoYAWAd5Wjzij1fX1iLw9mfRhwutNzsHX6rG7TB6qk3o_P
[2025-06-18T02:53:10.284Z] [LOG] ⚠️ No new transactions found
[2025-06-18T02:53:12.285Z] [LOG] ➡️ Starting to catch PigShop events
[2025-06-18T02:53:12.285Z] [LOG] 🔍 Listen address: EQBoYAWAd5Wjzij1fX1iLw9mfRhwutNzsHX6rG7TB6qk3o_P
[2025-06-18T02:53:12.285Z] [LOG] 📌 Last known lt: 35820187000003
[2025-06-18T02:53:12.285Z] [LOG] 📌 Last known lt: 35820187000003
[2025-06-18T02:53:12.358Z] [LOG] 👛 Admin wallet loaded: EQBfJH9a8I9C8eU0iu9wRkcWBmNtUZmJzeHGi1IcCTaoHfZr
[2025-06-18T02:53:12.359Z] [LOG] 🏪 PigShop contract opened at: EQBoYAWAd5Wjzij1fX1iLw9mfRhwutNzsHX6rG7TB6qk3o_P
[2025-06-18T02:53:12.532Z] [LOG] ⚠️ No new transactions found
[2025-06-18T02:53:14.533Z] [LOG] ➡️ Starting to catch PigShop events
[2025-06-18T02:53:14.533Z] [LOG] 🔍 Listen address: EQBoYAWAd5Wjzij1fX1iLw9mfRhwutNzsHX6rG7TB6qk3o_P
[2025-06-18T02:53:14.533Z] [LOG] 📌 Last known lt: 35820187000003
[2025-06-18T02:53:14.533Z] [LOG] 📌 Last known lt: 35820187000003
[2025-06-18T02:53:14.608Z] [LOG] 👛 Admin wallet loaded: EQBfJH9a8I9C8eU0iu9wRkcWBmNtUZmJzeHGi1IcCTaoHfZr
[2025-06-18T02:53:14.608Z] [LOG] 🏪 PigShop contract opened at: EQBoYAWAd5Wjzij1fX1iLw9mfRhwutNzsHX6rG7TB6qk3o_P
[2025-06-18T02:53:14.890Z] [LOG] ⚠️ No new transactions found
[2025-06-18T02:53:16.891Z] [LOG] ➡️ Starting to catch PigShop events
[2025-06-18T02:53:16.891Z] [LOG] 🔍 Listen address: EQBoYAWAd5Wjzij1fX1iLw9mfRhwutNzsHX6rG7TB6qk3o_P
[2025-06-18T02:53:16.892Z] [LOG] 📌 Last known lt: 35820187000003
[2025-06-18T02:53:16.892Z] [LOG] 📌 Last known lt: 35820187000003
[2025-06-18T02:53:16.966Z] [LOG] 👛 Admin wallet loaded: EQBfJH9a8I9C8eU0iu9wRkcWBmNtUZmJzeHGi1IcCTaoHfZr
[2025-06-18T02:53:16.966Z] [LOG] 🏪 PigShop contract opened at: EQBoYAWAd5Wjzij1fX1iLw9mfRhwutNzsHX6rG7TB6qk3o_P
[2025-06-18T02:53:17.141Z] [LOG] ⚠️ No new transactions found
[2025-06-18T02:53:19.141Z] [LOG] ➡️ Starting to catch PigShop events
[2025-06-18T02:53:19.141Z] [LOG] 🔍 Listen address: EQBoYAWAd5Wjzij1fX1iLw9mfRhwutNzsHX6rG7TB6qk3o_P
[2025-06-18T02:53:19.142Z] [LOG] 📌 Last known lt: 35820187000003
[2025-06-18T02:53:19.142Z] [LOG] 📌 Last known lt: 35820187000003
[2025-06-18T02:53:19.224Z] [LOG] 👛 Admin wallet loaded: EQBfJH9a8I9C8eU0iu9wRkcWBmNtUZmJzeHGi1IcCTaoHfZr
[2025-06-18T02:53:19.225Z] [LOG] 🏪 PigShop contract opened at: EQBoYAWAd5Wjzij1fX1iLw9mfRhwutNzsHX6rG7TB6qk3o_P
[2025-06-18T02:53:19.440Z] [LOG] ⚠️ No new transactions found
[2025-06-18T02:53:21.440Z] [LOG] ➡️ Starting to catch PigShop events
[2025-06-18T02:53:21.441Z] [LOG] 🔍 Listen address: EQBoYAWAd5Wjzij1fX1iLw9mfRhwutNzsHX6rG7TB6qk3o_P
[2025-06-18T02:53:21.441Z] [LOG] 📌 Last known lt: 35820187000003
[2025-06-18T02:53:21.441Z] [LOG] 📌 Last known lt: 35820187000003
[2025-06-18T02:53:21.516Z] [LOG] 👛 Admin wallet loaded: EQBfJH9a8I9C8eU0iu9wRkcWBmNtUZmJzeHGi1IcCTaoHfZr
[2025-06-18T02:53:21.516Z] [LOG] 🏪 PigShop contract opened at: EQBoYAWAd5Wjzij1fX1iLw9mfRhwutNzsHX6rG7TB6qk3o_P
[2025-06-18T02:53:21.750Z] [LOG] ⚠️ No new transactions found
[2025-06-18T02:53:23.751Z] [LOG] ➡️ Starting to catch PigShop events
[2025-06-18T02:53:23.752Z] [LOG] 🔍 Listen address: EQBoYAWAd5Wjzij1fX1iLw9mfRhwutNzsHX6rG7TB6qk3o_P
[2025-06-18T02:53:23.752Z] [LOG] 📌 Last known lt: 35820187000003
[2025-06-18T02:53:23.752Z] [LOG] 📌 Last known lt: 35820187000003
[2025-06-18T02:53:23.829Z] [LOG] 👛 Admin wallet loaded: EQBfJH9a8I9C8eU0iu9wRkcWBmNtUZmJzeHGi1IcCTaoHfZr
[2025-06-18T02:53:23.829Z] [LOG] 🏪 PigShop contract opened at: EQBoYAWAd5Wjzij1fX1iLw9mfRhwutNzsHX6rG7TB6qk3o_P
[2025-06-18T02:53:24.004Z] [LOG] ⚠️ No new transactions found
[2025-06-18T02:53:26.005Z] [LOG] ➡️ Starting to catch PigShop events
[2025-06-18T02:53:26.005Z] [LOG] 🔍 Listen address: EQBoYAWAd5Wjzij1fX1iLw9mfRhwutNzsHX6rG7TB6qk3o_P
[2025-06-18T02:53:26.006Z] [LOG] 📌 Last known lt: 35820187000003
[2025-06-18T02:53:26.006Z] [LOG] 📌 Last known lt: 35820187000003
[2025-06-18T02:53:26.116Z] [LOG] 👛 Admin wallet loaded: EQBfJH9a8I9C8eU0iu9wRkcWBmNtUZmJzeHGi1IcCTaoHfZr
[2025-06-18T02:53:26.116Z] [LOG] 🏪 PigShop contract opened at: EQBoYAWAd5Wjzij1fX1iLw9mfRhwutNzsHX6rG7TB6qk3o_P
[2025-06-18T02:53:26.358Z] [LOG] ⚠️ No new transactions found
[2025-06-18T02:53:28.359Z] [LOG] ➡️ Starting to catch PigShop events
[2025-06-18T02:53:28.359Z] [LOG] 🔍 Listen address: EQBoYAWAd5Wjzij1fX1iLw9mfRhwutNzsHX6rG7TB6qk3o_P
[2025-06-18T02:53:28.360Z] [LOG] 📌 Last known lt: 35820187000003
[2025-06-18T02:53:28.360Z] [LOG] 📌 Last known lt: 35820187000003
[2025-06-18T02:53:28.443Z] [LOG] 👛 Admin wallet loaded: EQBfJH9a8I9C8eU0iu9wRkcWBmNtUZmJzeHGi1IcCTaoHfZr
[2025-06-18T02:53:28.443Z] [LOG] 🏪 PigShop contract opened at: EQBoYAWAd5Wjzij1fX1iLw9mfRhwutNzsHX6rG7TB6qk3o_P
[2025-06-18T02:53:28.616Z] [LOG] ⚠️ No new transactions found
[2025-06-18T02:53:30.616Z] [LOG] ➡️ Starting to catch PigShop events
[2025-06-18T02:53:30.616Z] [LOG] 🔍 Listen address: EQBoYAWAd5Wjzij1fX1iLw9mfRhwutNzsHX6rG7TB6qk3o_P
[2025-06-18T02:53:30.617Z] [LOG] 📌 Last known lt: 35820187000003
[2025-06-18T02:53:30.617Z] [LOG] 📌 Last known lt: 35820187000003
[2025-06-18T02:53:30.693Z] [LOG] 👛 Admin wallet loaded: EQBfJH9a8I9C8eU0iu9wRkcWBmNtUZmJzeHGi1IcCTaoHfZr
[2025-06-18T02:53:30.693Z] [LOG] 🏪 PigShop contract opened at: EQBoYAWAd5Wjzij1fX1iLw9mfRhwutNzsHX6rG7TB6qk3o_P
[2025-06-18T02:53:30.867Z] [LOG] ⚠️ No new transactions found
[2025-06-18T02:53:32.868Z] [LOG] ➡️ Starting to catch PigShop events
[2025-06-18T02:53:32.868Z] [LOG] 🔍 Listen address: EQBoYAWAd5Wjzij1fX1iLw9mfRhwutNzsHX6rG7TB6qk3o_P
[2025-06-18T02:53:32.869Z] [LOG] 📌 Last known lt: 35820187000003
[2025-06-18T02:53:32.869Z] [LOG] 📌 Last known lt: 35820187000003
[2025-06-18T02:53:32.957Z] [LOG] 👛 Admin wallet loaded: EQBfJH9a8I9C8eU0iu9wRkcWBmNtUZmJzeHGi1IcCTaoHfZr
[2025-06-18T02:53:32.957Z] [LOG] 🏪 PigShop contract opened at: EQBoYAWAd5Wjzij1fX1iLw9mfRhwutNzsHX6rG7TB6qk3o_P
[2025-06-18T02:53:33.220Z] [LOG] ⚠️ No new transactions found
[2025-06-18T02:53:35.240Z] [LOG] ➡️ Starting to catch PigShop events
[2025-06-18T02:53:35.240Z] [LOG] 🔍 Listen address: EQBoYAWAd5Wjzij1fX1iLw9mfRhwutNzsHX6rG7TB6qk3o_P
[2025-06-18T02:53:35.241Z] [LOG] 📌 Last known lt: 35820187000003
[2025-06-18T02:53:35.241Z] [LOG] 📌 Last known lt: 35820187000003
[2025-06-18T02:53:35.351Z] [LOG] 👛 Admin wallet loaded: EQBfJH9a8I9C8eU0iu9wRkcWBmNtUZmJzeHGi1IcCTaoHfZr
[2025-06-18T02:53:35.351Z] [LOG] 🏪 PigShop contract opened at: EQBoYAWAd5Wjzij1fX1iLw9mfRhwutNzsHX6rG7TB6qk3o_P
[2025-06-18T02:53:35.527Z] [LOG] ⚠️ No new transactions found
[2025-06-18T02:53:37.548Z] [LOG] ➡️ Starting to catch PigShop events
[2025-06-18T02:53:37.549Z] [LOG] 🔍 Listen address: EQBoYAWAd5Wjzij1fX1iLw9mfRhwutNzsHX6rG7TB6qk3o_P
[2025-06-18T02:53:37.549Z] [LOG] 📌 Last known lt: 35820187000003
[2025-06-18T02:53:37.549Z] [LOG] 📌 Last known lt: 35820187000003
[2025-06-18T02:53:37.683Z] [LOG] 👛 Admin wallet loaded: EQBfJH9a8I9C8eU0iu9wRkcWBmNtUZmJzeHGi1IcCTaoHfZr
[2025-06-18T02:53:37.683Z] [LOG] 🏪 PigShop contract opened at: EQBoYAWAd5Wjzij1fX1iLw9mfRhwutNzsHX6rG7TB6qk3o_P
[2025-06-18T02:53:37.857Z] [LOG] ⚠️ No new transactions found
[2025-06-18T02:53:39.863Z] [LOG] ➡️ Starting to catch PigShop events
[2025-06-18T02:53:39.864Z] [LOG] 🔍 Listen address: EQBoYAWAd5Wjzij1fX1iLw9mfRhwutNzsHX6rG7TB6qk3o_P
[2025-06-18T02:53:39.864Z] [LOG] 📌 Last known lt: 35820187000003
[2025-06-18T02:53:39.864Z] [LOG] 📌 Last known lt: 35820187000003
[2025-06-18T02:53:39.967Z] [LOG] 👛 Admin wallet loaded: EQBfJH9a8I9C8eU0iu9wRkcWBmNtUZmJzeHGi1IcCTaoHfZr
[2025-06-18T02:53:39.967Z] [LOG] 🏪 PigShop contract opened at: EQBoYAWAd5Wjzij1fX1iLw9mfRhwutNzsHX6rG7TB6qk3o_P
[2025-06-18T02:53:40.142Z] [LOG] ⚠️ No new transactions found
[2025-06-18T02:53:43.400Z] [LOG] ➡️ Starting to catch PigShop events
[2025-06-18T02:53:43.400Z] [LOG] 🔍 Listen address: EQBoYAWAd5Wjzij1fX1iLw9mfRhwutNzsHX6rG7TB6qk3o_P
[2025-06-18T02:53:43.400Z] [LOG] 📌 Last known lt: 35820187000003
[2025-06-18T02:53:43.400Z] [LOG] 📌 Last known lt: 35820187000003
[2025-06-18T02:53:43.628Z] [LOG] 👛 Admin wallet loaded: EQBfJH9a8I9C8eU0iu9wRkcWBmNtUZmJzeHGi1IcCTaoHfZr
[2025-06-18T02:53:43.628Z] [LOG] 🏪 PigShop contract opened at: EQBoYAWAd5Wjzij1fX1iLw9mfRhwutNzsHX6rG7TB6qk3o_P
[2025-06-18T02:53:43.870Z] [LOG] ⚠️ No new transactions found
[2025-06-18T02:53:45.881Z] [LOG] ➡️ Starting to catch PigShop events
[2025-06-18T02:53:45.881Z] [LOG] 🔍 Listen address: EQBoYAWAd5Wjzij1fX1iLw9mfRhwutNzsHX6rG7TB6qk3o_P
[2025-06-18T02:53:45.881Z] [LOG] 📌 Last known lt: 35820187000003
[2025-06-18T02:53:45.881Z] [LOG] 📌 Last known lt: 35820187000003
[2025-06-18T02:53:46.080Z] [LOG] 👛 Admin wallet loaded: EQBfJH9a8I9C8eU0iu9wRkcWBmNtUZmJzeHGi1IcCTaoHfZr
[2025-06-18T02:53:46.080Z] [LOG] 🏪 PigShop contract opened at: EQBoYAWAd5Wjzij1fX1iLw9mfRhwutNzsHX6rG7TB6qk3o_P
[2025-06-18T02:53:46.293Z] [LOG] ⚠️ No new transactions found
[2025-06-18T02:53:48.294Z] [LOG] ➡️ Starting to catch PigShop events
[2025-06-18T02:53:48.294Z] [LOG] 🔍 Listen address: EQBoYAWAd5Wjzij1fX1iLw9mfRhwutNzsHX6rG7TB6qk3o_P
[2025-06-18T02:53:48.294Z] [LOG] 📌 Last known lt: 35820187000003
[2025-06-18T02:53:48.294Z] [LOG] 📌 Last known lt: 35820187000003
[2025-06-18T02:53:48.422Z] [LOG] 👛 Admin wallet loaded: EQBfJH9a8I9C8eU0iu9wRkcWBmNtUZmJzeHGi1IcCTaoHfZr
[2025-06-18T02:53:48.422Z] [LOG] 🏪 PigShop contract opened at: EQBoYAWAd5Wjzij1fX1iLw9mfRhwutNzsHX6rG7TB6qk3o_P
[2025-06-18T02:53:49.709Z] [LOG] ⚠️ No new transactions found
[2025-06-18T02:53:51.709Z] [LOG] ➡️ Starting to catch PigShop events
[2025-06-18T02:53:51.709Z] [LOG] 🔍 Listen address: EQBoYAWAd5Wjzij1fX1iLw9mfRhwutNzsHX6rG7TB6qk3o_P
[2025-06-18T02:53:51.709Z] [LOG] 📌 Last known lt: 35820187000003
[2025-06-18T02:53:51.709Z] [LOG] 📌 Last known lt: 35820187000003
[2025-06-18T02:53:51.799Z] [LOG] 👛 Admin wallet loaded: EQBfJH9a8I9C8eU0iu9wRkcWBmNtUZmJzeHGi1IcCTaoHfZr
[2025-06-18T02:53:51.799Z] [LOG] 🏪 PigShop contract opened at: EQBoYAWAd5Wjzij1fX1iLw9mfRhwutNzsHX6rG7TB6qk3o_P
[2025-06-18T02:53:51.987Z] [LOG] ⚠️ No new transactions found
[2025-06-18T02:53:54.006Z] [LOG] ➡️ Starting to catch PigShop events
[2025-06-18T02:53:54.007Z] [LOG] 🔍 Listen address: EQBoYAWAd5Wjzij1fX1iLw9mfRhwutNzsHX6rG7TB6qk3o_P
[2025-06-18T02:53:54.007Z] [LOG] 📌 Last known lt: 35820187000003
[2025-06-18T02:53:54.007Z] [LOG] 📌 Last known lt: 35820187000003
[2025-06-18T02:53:54.266Z] [LOG] 👛 Admin wallet loaded: EQBfJH9a8I9C8eU0iu9wRkcWBmNtUZmJzeHGi1IcCTaoHfZr
[2025-06-18T02:53:54.267Z] [LOG] 🏪 PigShop contract opened at: EQBoYAWAd5Wjzij1fX1iLw9mfRhwutNzsHX6rG7TB6qk3o_P
[2025-06-18T02:53:54.437Z] [LOG] ⚠️ No new transactions found
[2025-06-18T02:53:56.437Z] [LOG] ➡️ Starting to catch PigShop events
[2025-06-18T02:53:56.437Z] [LOG] 🔍 Listen address: EQBoYAWAd5Wjzij1fX1iLw9mfRhwutNzsHX6rG7TB6qk3o_P
[2025-06-18T02:53:56.437Z] [LOG] 📌 Last known lt: 35820187000003
[2025-06-18T02:53:56.437Z] [LOG] 📌 Last known lt: 35820187000003
[2025-06-18T02:53:56.546Z] [LOG] 👛 Admin wallet loaded: EQBfJH9a8I9C8eU0iu9wRkcWBmNtUZmJzeHGi1IcCTaoHfZr
[2025-06-18T02:53:56.546Z] [LOG] 🏪 PigShop contract opened at: EQBoYAWAd5Wjzij1fX1iLw9mfRhwutNzsHX6rG7TB6qk3o_P
[2025-06-18T02:53:56.718Z] [LOG] ⚠️ No new transactions found
[2025-06-18T02:53:58.853Z] [LOG] ➡️ Starting to catch PigShop events
[2025-06-18T02:53:58.853Z] [LOG] 🔍 Listen address: EQBoYAWAd5Wjzij1fX1iLw9mfRhwutNzsHX6rG7TB6qk3o_P
[2025-06-18T02:53:58.853Z] [LOG] 📌 Last known lt: 35820187000003
[2025-06-18T02:53:58.853Z] [LOG] 📌 Last known lt: 35820187000003
[2025-06-18T02:53:58.960Z] [LOG] 👛 Admin wallet loaded: EQBfJH9a8I9C8eU0iu9wRkcWBmNtUZmJzeHGi1IcCTaoHfZr
[2025-06-18T02:53:58.960Z] [LOG] 🏪 PigShop contract opened at: EQBoYAWAd5Wjzij1fX1iLw9mfRhwutNzsHX6rG7TB6qk3o_P
[2025-06-18T02:53:59.470Z] [LOG] ⚠️ No new transactions found
[2025-06-18T02:54:01.471Z] [LOG] ➡️ Starting to catch PigShop events
[2025-06-18T02:54:01.472Z] [LOG] 🔍 Listen address: EQBoYAWAd5Wjzij1fX1iLw9mfRhwutNzsHX6rG7TB6qk3o_P
[2025-06-18T02:54:01.472Z] [LOG] 📌 Last known lt: 35820187000003
[2025-06-18T02:54:01.472Z] [LOG] 📌 Last known lt: 35820187000003
[2025-06-18T02:54:01.562Z] [LOG] 👛 Admin wallet loaded: EQBfJH9a8I9C8eU0iu9wRkcWBmNtUZmJzeHGi1IcCTaoHfZr
[2025-06-18T02:54:01.563Z] [LOG] 🏪 PigShop contract opened at: EQBoYAWAd5Wjzij1fX1iLw9mfRhwutNzsHX6rG7TB6qk3o_P
[2025-06-18T02:54:01.734Z] [LOG] ⚠️ No new transactions found
[2025-06-18T02:54:03.734Z] [LOG] ➡️ Starting to catch PigShop events
[2025-06-18T02:54:03.734Z] [LOG] 🔍 Listen address: EQBoYAWAd5Wjzij1fX1iLw9mfRhwutNzsHX6rG7TB6qk3o_P
[2025-06-18T02:54:03.734Z] [LOG] 📌 Last known lt: 35820187000003
[2025-06-18T02:54:03.735Z] [LOG] 📌 Last known lt: 35820187000003
[2025-06-18T02:54:03.816Z] [LOG] 👛 Admin wallet loaded: EQBfJH9a8I9C8eU0iu9wRkcWBmNtUZmJzeHGi1IcCTaoHfZr
[2025-06-18T02:54:03.816Z] [LOG] 🏪 PigShop contract opened at: EQBoYAWAd5Wjzij1fX1iLw9mfRhwutNzsHX6rG7TB6qk3o_P
[2025-06-18T02:54:03.991Z] [LOG] ⚠️ No new transactions found
[2025-06-18T02:54:05.992Z] [LOG] ➡️ Starting to catch PigShop events
[2025-06-18T02:54:05.992Z] [LOG] 🔍 Listen address: EQBoYAWAd5Wjzij1fX1iLw9mfRhwutNzsHX6rG7TB6qk3o_P
[2025-06-18T02:54:05.992Z] [LOG] 📌 Last known lt: 35820187000003
[2025-06-18T02:54:05.992Z] [LOG] 📌 Last known lt: 35820187000003
[2025-06-18T02:54:06.074Z] [LOG] 👛 Admin wallet loaded: EQBfJH9a8I9C8eU0iu9wRkcWBmNtUZmJzeHGi1IcCTaoHfZr
[2025-06-18T02:54:06.074Z] [LOG] 🏪 PigShop contract opened at: EQBoYAWAd5Wjzij1fX1iLw9mfRhwutNzsHX6rG7TB6qk3o_P
[2025-06-18T02:54:06.243Z] [LOG] ⚠️ No new transactions found
[2025-06-18T02:54:08.244Z] [LOG] ➡️ Starting to catch PigShop events
[2025-06-18T02:54:08.244Z] [LOG] 🔍 Listen address: EQBoYAWAd5Wjzij1fX1iLw9mfRhwutNzsHX6rG7TB6qk3o_P
[2025-06-18T02:54:08.245Z] [LOG] 📌 Last known lt: 35820187000003
[2025-06-18T02:54:08.245Z] [LOG] 📌 Last known lt: 35820187000003
[2025-06-18T02:54:08.347Z] [LOG] 👛 Admin wallet loaded: EQBfJH9a8I9C8eU0iu9wRkcWBmNtUZmJzeHGi1IcCTaoHfZr
[2025-06-18T02:54:08.347Z] [LOG] 🏪 PigShop contract opened at: EQBoYAWAd5Wjzij1fX1iLw9mfRhwutNzsHX6rG7TB6qk3o_P
[2025-06-18T02:54:08.548Z] [LOG] ⚠️ No new transactions found
[2025-06-18T02:54:10.549Z] [LOG] ➡️ Starting to catch PigShop events
[2025-06-18T02:54:10.549Z] [LOG] 🔍 Listen address: EQBoYAWAd5Wjzij1fX1iLw9mfRhwutNzsHX6rG7TB6qk3o_P
[2025-06-18T02:54:10.550Z] [LOG] 📌 Last known lt: 35820187000003
[2025-06-18T02:54:10.550Z] [LOG] 📌 Last known lt: 35820187000003
[2025-06-18T02:54:10.634Z] [LOG] 👛 Admin wallet loaded: EQBfJH9a8I9C8eU0iu9wRkcWBmNtUZmJzeHGi1IcCTaoHfZr
[2025-06-18T02:54:10.634Z] [LOG] 🏪 PigShop contract opened at: EQBoYAWAd5Wjzij1fX1iLw9mfRhwutNzsHX6rG7TB6qk3o_P
[2025-06-18T02:54:10.904Z] [LOG] ⚠️ No new transactions found
[2025-06-18T02:54:12.905Z] [LOG] ➡️ Starting to catch PigShop events
[2025-06-18T02:54:12.905Z] [LOG] 🔍 Listen address: EQBoYAWAd5Wjzij1fX1iLw9mfRhwutNzsHX6rG7TB6qk3o_P
[2025-06-18T02:54:12.905Z] [LOG] 📌 Last known lt: 35820187000003
[2025-06-18T02:54:12.905Z] [LOG] 📌 Last known lt: 35820187000003
[2025-06-18T02:54:12.981Z] [LOG] 👛 Admin wallet loaded: EQBfJH9a8I9C8eU0iu9wRkcWBmNtUZmJzeHGi1IcCTaoHfZr
[2025-06-18T02:54:12.981Z] [LOG] 🏪 PigShop contract opened at: EQBoYAWAd5Wjzij1fX1iLw9mfRhwutNzsHX6rG7TB6qk3o_P
[2025-06-18T02:54:13.151Z] [LOG] ⚠️ No new transactions found
[2025-06-18T02:54:15.283Z] [LOG] ➡️ Starting to catch PigShop events
[2025-06-18T02:54:15.283Z] [LOG] 🔍 Listen address: EQBoYAWAd5Wjzij1fX1iLw9mfRhwutNzsHX6rG7TB6qk3o_P
[2025-06-18T02:54:15.283Z] [LOG] 📌 Last known lt: 35820187000003
[2025-06-18T02:54:15.283Z] [LOG] 📌 Last known lt: 35820187000003
[2025-06-18T02:54:15.375Z] [LOG] 👛 Admin wallet loaded: EQBfJH9a8I9C8eU0iu9wRkcWBmNtUZmJzeHGi1IcCTaoHfZr
[2025-06-18T02:54:15.375Z] [LOG] 🏪 PigShop contract opened at: EQBoYAWAd5Wjzij1fX1iLw9mfRhwutNzsHX6rG7TB6qk3o_P
[2025-06-18T02:54:15.552Z] [LOG] ⚠️ No new transactions found
[2025-06-18T02:54:17.553Z] [LOG] ➡️ Starting to catch PigShop events
[2025-06-18T02:54:17.553Z] [LOG] 🔍 Listen address: EQBoYAWAd5Wjzij1fX1iLw9mfRhwutNzsHX6rG7TB6qk3o_P
[2025-06-18T02:54:17.553Z] [LOG] 📌 Last known lt: 35820187000003
[2025-06-18T02:54:17.553Z] [LOG] 📌 Last known lt: 35820187000003
[2025-06-18T02:54:17.636Z] [LOG] 👛 Admin wallet loaded: EQBfJH9a8I9C8eU0iu9wRkcWBmNtUZmJzeHGi1IcCTaoHfZr
[2025-06-18T02:54:17.636Z] [LOG] 🏪 PigShop contract opened at: EQBoYAWAd5Wjzij1fX1iLw9mfRhwutNzsHX6rG7TB6qk3o_P
[2025-06-18T02:54:17.867Z] [LOG] ⚠️ No new transactions found
[2025-06-18T02:54:19.938Z] [LOG] ➡️ Starting to catch PigShop events
[2025-06-18T02:54:19.938Z] [LOG] 🔍 Listen address: EQBoYAWAd5Wjzij1fX1iLw9mfRhwutNzsHX6rG7TB6qk3o_P
[2025-06-18T02:54:19.938Z] [LOG] 📌 Last known lt: 35820187000003
[2025-06-18T02:54:19.938Z] [LOG] 📌 Last known lt: 35820187000003
[2025-06-18T02:54:20.245Z] [LOG] 👛 Admin wallet loaded: EQBfJH9a8I9C8eU0iu9wRkcWBmNtUZmJzeHGi1IcCTaoHfZr
[2025-06-18T02:54:20.245Z] [LOG] 🏪 PigShop contract opened at: EQBoYAWAd5Wjzij1fX1iLw9mfRhwutNzsHX6rG7TB6qk3o_P
[2025-06-18T02:54:20.416Z] [LOG] ⚠️ No new transactions found
[2025-06-18T02:54:22.416Z] [LOG] ➡️ Starting to catch PigShop events
[2025-06-18T02:54:22.417Z] [LOG] 🔍 Listen address: EQBoYAWAd5Wjzij1fX1iLw9mfRhwutNzsHX6rG7TB6qk3o_P
[2025-06-18T02:54:22.417Z] [LOG] 📌 Last known lt: 35820187000003
[2025-06-18T02:54:22.417Z] [LOG] 📌 Last known lt: 35820187000003
[2025-06-18T02:54:22.496Z] [LOG] 👛 Admin wallet loaded: EQBfJH9a8I9C8eU0iu9wRkcWBmNtUZmJzeHGi1IcCTaoHfZr
[2025-06-18T02:54:22.496Z] [LOG] 🏪 PigShop contract opened at: EQBoYAWAd5Wjzij1fX1iLw9mfRhwutNzsHX6rG7TB6qk3o_P
[2025-06-18T02:54:22.664Z] [LOG] ⚠️ No new transactions found
[2025-06-18T02:54:24.665Z] [LOG] ➡️ Starting to catch PigShop events
[2025-06-18T02:54:24.666Z] [LOG] 🔍 Listen address: EQBoYAWAd5Wjzij1fX1iLw9mfRhwutNzsHX6rG7TB6qk3o_P
[2025-06-18T02:54:24.666Z] [LOG] 📌 Last known lt: 35820187000003
[2025-06-18T02:54:24.666Z] [LOG] 📌 Last known lt: 35820187000003
[2025-06-18T02:54:24.749Z] [LOG] 👛 Admin wallet loaded: EQBfJH9a8I9C8eU0iu9wRkcWBmNtUZmJzeHGi1IcCTaoHfZr
[2025-06-18T02:54:24.749Z] [LOG] 🏪 PigShop contract opened at: EQBoYAWAd5Wjzij1fX1iLw9mfRhwutNzsHX6rG7TB6qk3o_P
[2025-06-18T02:54:24.934Z] [LOG] ⚠️ No new transactions found
[2025-06-18T02:54:26.935Z] [LOG] ➡️ Starting to catch PigShop events
[2025-06-18T02:54:26.935Z] [LOG] 🔍 Listen address: EQBoYAWAd5Wjzij1fX1iLw9mfRhwutNzsHX6rG7TB6qk3o_P
[2025-06-18T02:54:26.936Z] [LOG] 📌 Last known lt: 35820187000003
[2025-06-18T02:54:26.936Z] [LOG] 📌 Last known lt: 35820187000003
[2025-06-18T02:54:27.023Z] [LOG] 👛 Admin wallet loaded: EQBfJH9a8I9C8eU0iu9wRkcWBmNtUZmJzeHGi1IcCTaoHfZr
[2025-06-18T02:54:27.024Z] [LOG] 🏪 PigShop contract opened at: EQBoYAWAd5Wjzij1fX1iLw9mfRhwutNzsHX6rG7TB6qk3o_P
[2025-06-18T02:54:27.193Z] [LOG] ⚠️ No new transactions found
[2025-06-18T02:54:29.194Z] [LOG] ➡️ Starting to catch PigShop events
[2025-06-18T02:54:29.194Z] [LOG] 🔍 Listen address: EQBoYAWAd5Wjzij1fX1iLw9mfRhwutNzsHX6rG7TB6qk3o_P
[2025-06-18T02:54:29.194Z] [LOG] 📌 Last known lt: 35820187000003
[2025-06-18T02:54:29.194Z] [LOG] 📌 Last known lt: 35820187000003
[2025-06-18T02:54:29.279Z] [LOG] 👛 Admin wallet loaded: EQBfJH9a8I9C8eU0iu9wRkcWBmNtUZmJzeHGi1IcCTaoHfZr
[2025-06-18T02:54:29.279Z] [LOG] 🏪 PigShop contract opened at: EQBoYAWAd5Wjzij1fX1iLw9mfRhwutNzsHX6rG7TB6qk3o_P
[2025-06-18T02:54:29.456Z] [LOG] ⚠️ No new transactions found
[2025-06-18T02:54:31.457Z] [LOG] ➡️ Starting to catch PigShop events
[2025-06-18T02:54:31.457Z] [LOG] 🔍 Listen address: EQBoYAWAd5Wjzij1fX1iLw9mfRhwutNzsHX6rG7TB6qk3o_P
[2025-06-18T02:54:31.457Z] [LOG] 📌 Last known lt: 35820187000003
[2025-06-18T02:54:31.457Z] [LOG] 📌 Last known lt: 35820187000003
[2025-06-18T02:54:31.542Z] [LOG] 👛 Admin wallet loaded: EQBfJH9a8I9C8eU0iu9wRkcWBmNtUZmJzeHGi1IcCTaoHfZr
[2025-06-18T02:54:31.542Z] [LOG] 🏪 PigShop contract opened at: EQBoYAWAd5Wjzij1fX1iLw9mfRhwutNzsHX6rG7TB6qk3o_P
[2025-06-18T02:54:31.795Z] [LOG] ⚠️ No new transactions found
[2025-06-18T02:54:33.797Z] [LOG] ➡️ Starting to catch PigShop events
[2025-06-18T02:54:33.797Z] [LOG] 🔍 Listen address: EQBoYAWAd5Wjzij1fX1iLw9mfRhwutNzsHX6rG7TB6qk3o_P
[2025-06-18T02:54:33.797Z] [LOG] 📌 Last known lt: 35820187000003
[2025-06-18T02:54:33.798Z] [LOG] 📌 Last known lt: 35820187000003
[2025-06-18T02:54:33.878Z] [LOG] 👛 Admin wallet loaded: EQBfJH9a8I9C8eU0iu9wRkcWBmNtUZmJzeHGi1IcCTaoHfZr
[2025-06-18T02:54:33.878Z] [LOG] 🏪 PigShop contract opened at: EQBoYAWAd5Wjzij1fX1iLw9mfRhwutNzsHX6rG7TB6qk3o_P
[2025-06-18T02:54:34.048Z] [LOG] ⚠️ No new transactions found
[2025-06-18T02:54:36.049Z] [LOG] ➡️ Starting to catch PigShop events
[2025-06-18T02:54:36.049Z] [LOG] 🔍 Listen address: EQBoYAWAd5Wjzij1fX1iLw9mfRhwutNzsHX6rG7TB6qk3o_P
[2025-06-18T02:54:36.049Z] [LOG] 📌 Last known lt: 35820187000003
[2025-06-18T02:54:36.049Z] [LOG] 📌 Last known lt: 35820187000003
[2025-06-18T02:54:36.121Z] [LOG] 👛 Admin wallet loaded: EQBfJH9a8I9C8eU0iu9wRkcWBmNtUZmJzeHGi1IcCTaoHfZr
[2025-06-18T02:54:36.121Z] [LOG] 🏪 PigShop contract opened at: EQBoYAWAd5Wjzij1fX1iLw9mfRhwutNzsHX6rG7TB6qk3o_P
[2025-06-18T02:54:36.404Z] [LOG] ⚠️ No new transactions found
[2025-06-18T02:54:38.405Z] [LOG] ➡️ Starting to catch PigShop events
[2025-06-18T02:54:38.405Z] [LOG] 🔍 Listen address: EQBoYAWAd5Wjzij1fX1iLw9mfRhwutNzsHX6rG7TB6qk3o_P
[2025-06-18T02:54:38.405Z] [LOG] 📌 Last known lt: 35820187000003
[2025-06-18T02:54:38.406Z] [LOG] 📌 Last known lt: 35820187000003
[2025-06-18T02:54:38.484Z] [LOG] 👛 Admin wallet loaded: EQBfJH9a8I9C8eU0iu9wRkcWBmNtUZmJzeHGi1IcCTaoHfZr
[2025-06-18T02:54:38.485Z] [LOG] 🏪 PigShop contract opened at: EQBoYAWAd5Wjzij1fX1iLw9mfRhwutNzsHX6rG7TB6qk3o_P
[2025-06-18T02:54:38.659Z] [LOG] ⚠️ No new transactions found
[2025-06-18T02:54:40.660Z] [LOG] ➡️ Starting to catch PigShop events
[2025-06-18T02:54:40.660Z] [LOG] 🔍 Listen address: EQBoYAWAd5Wjzij1fX1iLw9mfRhwutNzsHX6rG7TB6qk3o_P
[2025-06-18T02:54:40.660Z] [LOG] 📌 Last known lt: 35820187000003
[2025-06-18T02:54:40.661Z] [LOG] 📌 Last known lt: 35820187000003
[2025-06-18T02:54:40.777Z] [LOG] 👛 Admin wallet loaded: EQBfJH9a8I9C8eU0iu9wRkcWBmNtUZmJzeHGi1IcCTaoHfZr
[2025-06-18T02:54:40.777Z] [LOG] 🏪 PigShop contract opened at: EQBoYAWAd5Wjzij1fX1iLw9mfRhwutNzsHX6rG7TB6qk3o_P
[2025-06-18T02:54:40.947Z] [LOG] ⚠️ No new transactions found
[2025-06-18T02:54:42.947Z] [LOG] ➡️ Starting to catch PigShop events
[2025-06-18T02:54:42.948Z] [LOG] 🔍 Listen address: EQBoYAWAd5Wjzij1fX1iLw9mfRhwutNzsHX6rG7TB6qk3o_P
[2025-06-18T02:54:42.948Z] [LOG] 📌 Last known lt: 35820187000003
[2025-06-18T02:54:42.948Z] [LOG] 📌 Last known lt: 35820187000003
[2025-06-18T02:54:43.067Z] [LOG] 👛 Admin wallet loaded: EQBfJH9a8I9C8eU0iu9wRkcWBmNtUZmJzeHGi1IcCTaoHfZr
[2025-06-18T02:54:43.067Z] [LOG] 🏪 PigShop contract opened at: EQBoYAWAd5Wjzij1fX1iLw9mfRhwutNzsHX6rG7TB6qk3o_P
[2025-06-18T02:54:43.984Z] [LOG] ⚠️ No new transactions found
[2025-06-18T02:54:45.985Z] [LOG] ➡️ Starting to catch PigShop events
[2025-06-18T02:54:45.985Z] [LOG] 🔍 Listen address: EQBoYAWAd5Wjzij1fX1iLw9mfRhwutNzsHX6rG7TB6qk3o_P
[2025-06-18T02:54:45.985Z] [LOG] 📌 Last known lt: 35820187000003
[2025-06-18T02:54:45.985Z] [LOG] 📌 Last known lt: 35820187000003
[2025-06-18T02:54:46.063Z] [LOG] 👛 Admin wallet loaded: EQBfJH9a8I9C8eU0iu9wRkcWBmNtUZmJzeHGi1IcCTaoHfZr
[2025-06-18T02:54:46.063Z] [LOG] 🏪 PigShop contract opened at: EQBoYAWAd5Wjzij1fX1iLw9mfRhwutNzsHX6rG7TB6qk3o_P
[2025-06-18T02:54:46.243Z] [LOG] ⚠️ No new transactions found
[2025-06-18T02:54:48.244Z] [LOG] ➡️ Starting to catch PigShop events
[2025-06-18T02:54:48.244Z] [LOG] 🔍 Listen address: EQBoYAWAd5Wjzij1fX1iLw9mfRhwutNzsHX6rG7TB6qk3o_P
[2025-06-18T02:54:48.244Z] [LOG] 📌 Last known lt: 35820187000003
[2025-06-18T02:54:48.244Z] [LOG] 📌 Last known lt: 35820187000003
[2025-06-18T02:54:48.337Z] [LOG] 👛 Admin wallet loaded: EQBfJH9a8I9C8eU0iu9wRkcWBmNtUZmJzeHGi1IcCTaoHfZr
[2025-06-18T02:54:48.338Z] [LOG] 🏪 PigShop contract opened at: EQBoYAWAd5Wjzij1fX1iLw9mfRhwutNzsHX6rG7TB6qk3o_P
[2025-06-18T02:54:48.517Z] [LOG] ⚠️ No new transactions found
[2025-06-18T02:54:50.516Z] [LOG] ➡️ Starting to catch PigShop events
[2025-06-18T02:54:50.516Z] [LOG] 🔍 Listen address: EQBoYAWAd5Wjzij1fX1iLw9mfRhwutNzsHX6rG7TB6qk3o_P
[2025-06-18T02:54:50.516Z] [LOG] 📌 Last known lt: 35820187000003
[2025-06-18T02:54:50.516Z] [LOG] 📌 Last known lt: 35820187000003
[2025-06-18T02:54:50.591Z] [LOG] 👛 Admin wallet loaded: EQBfJH9a8I9C8eU0iu9wRkcWBmNtUZmJzeHGi1IcCTaoHfZr
[2025-06-18T02:54:50.591Z] [LOG] 🏪 PigShop contract opened at: EQBoYAWAd5Wjzij1fX1iLw9mfRhwutNzsHX6rG7TB6qk3o_P
[2025-06-18T02:54:50.760Z] [LOG] ⚠️ No new transactions found
[2025-06-18T02:54:52.761Z] [LOG] ➡️ Starting to catch PigShop events
[2025-06-18T02:54:52.761Z] [LOG] 🔍 Listen address: EQBoYAWAd5Wjzij1fX1iLw9mfRhwutNzsHX6rG7TB6qk3o_P
[2025-06-18T02:54:52.761Z] [LOG] 📌 Last known lt: 35820187000003
[2025-06-18T02:54:52.761Z] [LOG] 📌 Last known lt: 35820187000003
[2025-06-18T02:54:52.845Z] [LOG] 👛 Admin wallet loaded: EQBfJH9a8I9C8eU0iu9wRkcWBmNtUZmJzeHGi1IcCTaoHfZr
[2025-06-18T02:54:52.845Z] [LOG] 🏪 PigShop contract opened at: EQBoYAWAd5Wjzij1fX1iLw9mfRhwutNzsHX6rG7TB6qk3o_P
[2025-06-18T02:54:53.096Z] [LOG] ⚠️ No new transactions found
[2025-06-18T02:54:55.095Z] [LOG] ➡️ Starting to catch PigShop events
[2025-06-18T02:54:55.096Z] [LOG] 🔍 Listen address: EQBoYAWAd5Wjzij1fX1iLw9mfRhwutNzsHX6rG7TB6qk3o_P
[2025-06-18T02:54:55.096Z] [LOG] 📌 Last known lt: 35820187000003
[2025-06-18T02:54:55.096Z] [LOG] 📌 Last known lt: 35820187000003
[2025-06-18T02:54:55.176Z] [LOG] 👛 Admin wallet loaded: EQBfJH9a8I9C8eU0iu9wRkcWBmNtUZmJzeHGi1IcCTaoHfZr
[2025-06-18T02:54:55.176Z] [LOG] 🏪 PigShop contract opened at: EQBoYAWAd5Wjzij1fX1iLw9mfRhwutNzsHX6rG7TB6qk3o_P
[2025-06-18T02:54:55.449Z] [LOG] ⚠️ No new transactions found
[2025-06-18T02:54:57.449Z] [LOG] ➡️ Starting to catch PigShop events
[2025-06-18T02:54:57.450Z] [LOG] 🔍 Listen address: EQBoYAWAd5Wjzij1fX1iLw9mfRhwutNzsHX6rG7TB6qk3o_P
[2025-06-18T02:54:57.450Z] [LOG] 📌 Last known lt: 35820187000003
[2025-06-18T02:54:57.450Z] [LOG] 📌 Last known lt: 35820187000003
[2025-06-18T02:54:57.534Z] [LOG] 👛 Admin wallet loaded: EQBfJH9a8I9C8eU0iu9wRkcWBmNtUZmJzeHGi1IcCTaoHfZr
[2025-06-18T02:54:57.534Z] [LOG] 🏪 PigShop contract opened at: EQBoYAWAd5Wjzij1fX1iLw9mfRhwutNzsHX6rG7TB6qk3o_P
[2025-06-18T02:54:57.703Z] [LOG] ⚠️ No new transactions found
[2025-06-18T02:54:59.704Z] [LOG] ➡️ Starting to catch PigShop events
[2025-06-18T02:54:59.705Z] [LOG] 🔍 Listen address: EQBoYAWAd5Wjzij1fX1iLw9mfRhwutNzsHX6rG7TB6qk3o_P
[2025-06-18T02:54:59.705Z] [LOG] 📌 Last known lt: 35820187000003
[2025-06-18T02:54:59.705Z] [LOG] 📌 Last known lt: 35820187000003
[2025-06-18T02:54:59.787Z] [LOG] 👛 Admin wallet loaded: EQBfJH9a8I9C8eU0iu9wRkcWBmNtUZmJzeHGi1IcCTaoHfZr
[2025-06-18T02:54:59.787Z] [LOG] 🏪 PigShop contract opened at: EQBoYAWAd5Wjzij1fX1iLw9mfRhwutNzsHX6rG7TB6qk3o_P
[2025-06-18T02:54:59.956Z] [LOG] ⚠️ No new transactions found
[2025-06-18T02:55:02.374Z] [LOG] ➡️ Starting to catch PigShop events
[2025-06-18T02:55:02.375Z] [LOG] 🔍 Listen address: EQBoYAWAd5Wjzij1fX1iLw9mfRhwutNzsHX6rG7TB6qk3o_P
[2025-06-18T02:55:02.375Z] [LOG] 📌 Last known lt: 35820187000003
[2025-06-18T02:55:02.375Z] [LOG] 📌 Last known lt: 35820187000003
[2025-06-18T02:55:02.559Z] [LOG] 👛 Admin wallet loaded: EQBfJH9a8I9C8eU0iu9wRkcWBmNtUZmJzeHGi1IcCTaoHfZr
[2025-06-18T02:55:02.560Z] [LOG] 🏪 PigShop contract opened at: EQBoYAWAd5Wjzij1fX1iLw9mfRhwutNzsHX6rG7TB6qk3o_P
[2025-06-18T02:55:02.731Z] [LOG] ⚠️ No new transactions found
[2025-06-18T02:55:04.732Z] [LOG] ➡️ Starting to catch PigShop events
[2025-06-18T02:55:04.732Z] [LOG] 🔍 Listen address: EQBoYAWAd5Wjzij1fX1iLw9mfRhwutNzsHX6rG7TB6qk3o_P
[2025-06-18T02:55:04.732Z] [LOG] 📌 Last known lt: 35820187000003
[2025-06-18T02:55:04.732Z] [LOG] 📌 Last known lt: 35820187000003
[2025-06-18T02:55:04.834Z] [LOG] 👛 Admin wallet loaded: EQBfJH9a8I9C8eU0iu9wRkcWBmNtUZmJzeHGi1IcCTaoHfZr
[2025-06-18T02:55:04.834Z] [LOG] 🏪 PigShop contract opened at: EQBoYAWAd5Wjzij1fX1iLw9mfRhwutNzsHX6rG7TB6qk3o_P
[2025-06-18T02:55:05.036Z] [LOG] ⚠️ No new transactions found
[2025-06-18T02:55:07.036Z] [LOG] ➡️ Starting to catch PigShop events
[2025-06-18T02:55:07.036Z] [LOG] 🔍 Listen address: EQBoYAWAd5Wjzij1fX1iLw9mfRhwutNzsHX6rG7TB6qk3o_P
[2025-06-18T02:55:07.036Z] [LOG] 📌 Last known lt: 35820187000003
[2025-06-18T02:55:07.036Z] [LOG] 📌 Last known lt: 35820187000003
[2025-06-18T02:55:07.111Z] [LOG] 👛 Admin wallet loaded: EQBfJH9a8I9C8eU0iu9wRkcWBmNtUZmJzeHGi1IcCTaoHfZr
[2025-06-18T02:55:07.111Z] [LOG] 🏪 PigShop contract opened at: EQBoYAWAd5Wjzij1fX1iLw9mfRhwutNzsHX6rG7TB6qk3o_P
[2025-06-18T02:55:07.285Z] [LOG] ⚠️ No new transactions found
[2025-06-18T02:55:09.285Z] [LOG] ➡️ Starting to catch PigShop events
[2025-06-18T02:55:09.285Z] [LOG] 🔍 Listen address: EQBoYAWAd5Wjzij1fX1iLw9mfRhwutNzsHX6rG7TB6qk3o_P
[2025-06-18T02:55:09.285Z] [LOG] 📌 Last known lt: 35820187000003
[2025-06-18T02:55:09.285Z] [LOG] 📌 Last known lt: 35820187000003
[2025-06-18T02:55:09.366Z] [LOG] 👛 Admin wallet loaded: EQBfJH9a8I9C8eU0iu9wRkcWBmNtUZmJzeHGi1IcCTaoHfZr
[2025-06-18T02:55:09.366Z] [LOG] 🏪 PigShop contract opened at: EQBoYAWAd5Wjzij1fX1iLw9mfRhwutNzsHX6rG7TB6qk3o_P
[2025-06-18T02:55:09.583Z] [LOG] ⚠️ No new transactions found
[2025-06-18T02:55:11.583Z] [LOG] ➡️ Starting to catch PigShop events
[2025-06-18T02:55:11.583Z] [LOG] 🔍 Listen address: EQBoYAWAd5Wjzij1fX1iLw9mfRhwutNzsHX6rG7TB6qk3o_P
[2025-06-18T02:55:11.583Z] [LOG] 📌 Last known lt: 35820187000003
[2025-06-18T02:55:11.583Z] [LOG] 📌 Last known lt: 35820187000003
[2025-06-18T02:55:11.676Z] [LOG] 👛 Admin wallet loaded: EQBfJH9a8I9C8eU0iu9wRkcWBmNtUZmJzeHGi1IcCTaoHfZr
[2025-06-18T02:55:11.676Z] [LOG] 🏪 PigShop contract opened at: EQBoYAWAd5Wjzij1fX1iLw9mfRhwutNzsHX6rG7TB6qk3o_P
[2025-06-18T02:55:11.844Z] [LOG] ⚠️ No new transactions found
[2025-06-18T02:55:13.913Z] [LOG] ➡️ Starting to catch PigShop events
[2025-06-18T02:55:13.913Z] [LOG] 🔍 Listen address: EQBoYAWAd5Wjzij1fX1iLw9mfRhwutNzsHX6rG7TB6qk3o_P
[2025-06-18T02:55:13.913Z] [LOG] 📌 Last known lt: 35820187000003
[2025-06-18T02:55:13.913Z] [LOG] 📌 Last known lt: 35820187000003
[2025-06-18T02:55:14.020Z] [LOG] 👛 Admin wallet loaded: EQBfJH9a8I9C8eU0iu9wRkcWBmNtUZmJzeHGi1IcCTaoHfZr
[2025-06-18T02:55:14.020Z] [LOG] 🏪 PigShop contract opened at: EQBoYAWAd5Wjzij1fX1iLw9mfRhwutNzsHX6rG7TB6qk3o_P
[2025-06-18T02:55:14.203Z] [LOG] ⚠️ No new transactions found
[2025-06-18T02:55:16.347Z] [LOG] ➡️ Starting to catch PigShop events
[2025-06-18T02:55:16.348Z] [LOG] 🔍 Listen address: EQBoYAWAd5Wjzij1fX1iLw9mfRhwutNzsHX6rG7TB6qk3o_P
[2025-06-18T02:55:16.348Z] [LOG] 📌 Last known lt: 35820187000003
[2025-06-18T02:55:16.348Z] [LOG] 📌 Last known lt: 35820187000003
[2025-06-18T02:55:16.440Z] [LOG] 👛 Admin wallet loaded: EQBfJH9a8I9C8eU0iu9wRkcWBmNtUZmJzeHGi1IcCTaoHfZr
[2025-06-18T02:55:16.440Z] [LOG] 🏪 PigShop contract opened at: EQBoYAWAd5Wjzij1fX1iLw9mfRhwutNzsHX6rG7TB6qk3o_P
[2025-06-18T02:55:16.627Z] [LOG] ⚠️ No new transactions found
[2025-06-18T02:55:18.627Z] [LOG] ➡️ Starting to catch PigShop events
[2025-06-18T02:55:18.628Z] [LOG] 🔍 Listen address: EQBoYAWAd5Wjzij1fX1iLw9mfRhwutNzsHX6rG7TB6qk3o_P
[2025-06-18T02:55:18.628Z] [LOG] 📌 Last known lt: 35820187000003
[2025-06-18T02:55:18.628Z] [LOG] 📌 Last known lt: 35820187000003
[2025-06-18T02:55:18.704Z] [LOG] 👛 Admin wallet loaded: EQBfJH9a8I9C8eU0iu9wRkcWBmNtUZmJzeHGi1IcCTaoHfZr
[2025-06-18T02:55:18.704Z] [LOG] 🏪 PigShop contract opened at: EQBoYAWAd5Wjzij1fX1iLw9mfRhwutNzsHX6rG7TB6qk3o_P
[2025-06-18T02:55:18.883Z] [LOG] ⚠️ No new transactions found
[2025-06-18T02:55:20.884Z] [LOG] ➡️ Starting to catch PigShop events
[2025-06-18T02:55:20.884Z] [LOG] 🔍 Listen address: EQBoYAWAd5Wjzij1fX1iLw9mfRhwutNzsHX6rG7TB6qk3o_P
[2025-06-18T02:55:20.884Z] [LOG] 📌 Last known lt: 35820187000003
[2025-06-18T02:55:20.885Z] [LOG] 📌 Last known lt: 35820187000003
[2025-06-18T02:55:20.987Z] [LOG] 👛 Admin wallet loaded: EQBfJH9a8I9C8eU0iu9wRkcWBmNtUZmJzeHGi1IcCTaoHfZr
[2025-06-18T02:55:20.988Z] [LOG] 🏪 PigShop contract opened at: EQBoYAWAd5Wjzij1fX1iLw9mfRhwutNzsHX6rG7TB6qk3o_P
[2025-06-18T02:55:21.159Z] [LOG] ⚠️ No new transactions found
[2025-06-18T02:55:23.160Z] [LOG] ➡️ Starting to catch PigShop events
[2025-06-18T02:55:23.160Z] [LOG] 🔍 Listen address: EQBoYAWAd5Wjzij1fX1iLw9mfRhwutNzsHX6rG7TB6qk3o_P
[2025-06-18T02:55:23.161Z] [LOG] 📌 Last known lt: 35820187000003
[2025-06-18T02:55:23.161Z] [LOG] 📌 Last known lt: 35820187000003
[2025-06-18T02:55:23.243Z] [LOG] 👛 Admin wallet loaded: EQBfJH9a8I9C8eU0iu9wRkcWBmNtUZmJzeHGi1IcCTaoHfZr
[2025-06-18T02:55:23.243Z] [LOG] 🏪 PigShop contract opened at: EQBoYAWAd5Wjzij1fX1iLw9mfRhwutNzsHX6rG7TB6qk3o_P
[2025-06-18T02:55:23.414Z] [LOG] ⚠️ No new transactions found
[2025-06-18T02:55:25.415Z] [LOG] ➡️ Starting to catch PigShop events
[2025-06-18T02:55:25.415Z] [LOG] 🔍 Listen address: EQBoYAWAd5Wjzij1fX1iLw9mfRhwutNzsHX6rG7TB6qk3o_P
[2025-06-18T02:55:25.415Z] [LOG] 📌 Last known lt: 35820187000003
[2025-06-18T02:55:25.415Z] [LOG] 📌 Last known lt: 35820187000003
[2025-06-18T02:55:25.498Z] [LOG] 👛 Admin wallet loaded: EQBfJH9a8I9C8eU0iu9wRkcWBmNtUZmJzeHGi1IcCTaoHfZr
[2025-06-18T02:55:25.499Z] [LOG] 🏪 PigShop contract opened at: EQBoYAWAd5Wjzij1fX1iLw9mfRhwutNzsHX6rG7TB6qk3o_P
[2025-06-18T02:55:25.667Z] [LOG] ⚠️ No new transactions found
[2025-06-18T02:55:27.668Z] [LOG] ➡️ Starting to catch PigShop events
[2025-06-18T02:55:27.669Z] [LOG] 🔍 Listen address: EQBoYAWAd5Wjzij1fX1iLw9mfRhwutNzsHX6rG7TB6qk3o_P
[2025-06-18T02:55:27.669Z] [LOG] 📌 Last known lt: 35820187000003
[2025-06-18T02:55:27.669Z] [LOG] 📌 Last known lt: 35820187000003
[2025-06-18T02:55:27.750Z] [LOG] 👛 Admin wallet loaded: EQBfJH9a8I9C8eU0iu9wRkcWBmNtUZmJzeHGi1IcCTaoHfZr
[2025-06-18T02:55:27.750Z] [LOG] 🏪 PigShop contract opened at: EQBoYAWAd5Wjzij1fX1iLw9mfRhwutNzsHX6rG7TB6qk3o_P
[2025-06-18T02:55:27.920Z] [LOG] ⚠️ No new transactions found
[2025-06-18T02:55:29.921Z] [LOG] ➡️ Starting to catch PigShop events
[2025-06-18T02:55:29.921Z] [LOG] 🔍 Listen address: EQBoYAWAd5Wjzij1fX1iLw9mfRhwutNzsHX6rG7TB6qk3o_P
[2025-06-18T02:55:29.921Z] [LOG] 📌 Last known lt: 35820187000003
[2025-06-18T02:55:29.921Z] [LOG] 📌 Last known lt: 35820187000003
[2025-06-18T02:55:29.995Z] [LOG] 👛 Admin wallet loaded: EQBfJH9a8I9C8eU0iu9wRkcWBmNtUZmJzeHGi1IcCTaoHfZr
[2025-06-18T02:55:29.996Z] [LOG] 🏪 PigShop contract opened at: EQBoYAWAd5Wjzij1fX1iLw9mfRhwutNzsHX6rG7TB6qk3o_P
[2025-06-18T02:55:30.267Z] [LOG] ⚠️ No new transactions found
[2025-06-18T02:55:32.267Z] [LOG] ➡️ Starting to catch PigShop events
[2025-06-18T02:55:32.267Z] [LOG] 🔍 Listen address: EQBoYAWAd5Wjzij1fX1iLw9mfRhwutNzsHX6rG7TB6qk3o_P
[2025-06-18T02:55:32.267Z] [LOG] 📌 Last known lt: 35820187000003
[2025-06-18T02:55:32.267Z] [LOG] 📌 Last known lt: 35820187000003
[2025-06-18T02:55:32.345Z] [LOG] 👛 Admin wallet loaded: EQBfJH9a8I9C8eU0iu9wRkcWBmNtUZmJzeHGi1IcCTaoHfZr
[2025-06-18T02:55:32.346Z] [LOG] 🏪 PigShop contract opened at: EQBoYAWAd5Wjzij1fX1iLw9mfRhwutNzsHX6rG7TB6qk3o_P
[2025-06-18T02:55:32.521Z] [LOG] ⚠️ No new transactions found
[2025-06-18T02:55:34.522Z] [LOG] ➡️ Starting to catch PigShop events
[2025-06-18T02:55:34.522Z] [LOG] 🔍 Listen address: EQBoYAWAd5Wjzij1fX1iLw9mfRhwutNzsHX6rG7TB6qk3o_P
[2025-06-18T02:55:34.522Z] [LOG] 📌 Last known lt: 35820187000003
[2025-06-18T02:55:34.522Z] [LOG] 📌 Last known lt: 35820187000003
[2025-06-18T02:55:34.595Z] [LOG] 👛 Admin wallet loaded: EQBfJH9a8I9C8eU0iu9wRkcWBmNtUZmJzeHGi1IcCTaoHfZr
[2025-06-18T02:55:34.595Z] [LOG] 🏪 PigShop contract opened at: EQBoYAWAd5Wjzij1fX1iLw9mfRhwutNzsHX6rG7TB6qk3o_P
[2025-06-18T02:55:34.766Z] [LOG] ⚠️ No new transactions found
[2025-06-18T02:55:36.766Z] [LOG] ➡️ Starting to catch PigShop events
[2025-06-18T02:55:36.767Z] [LOG] 🔍 Listen address: EQBoYAWAd5Wjzij1fX1iLw9mfRhwutNzsHX6rG7TB6qk3o_P
[2025-06-18T02:55:36.767Z] [LOG] 📌 Last known lt: 35820187000003
[2025-06-18T02:55:36.767Z] [LOG] 📌 Last known lt: 35820187000003
[2025-06-18T02:55:36.843Z] [LOG] 👛 Admin wallet loaded: EQBfJH9a8I9C8eU0iu9wRkcWBmNtUZmJzeHGi1IcCTaoHfZr
[2025-06-18T02:55:36.843Z] [LOG] 🏪 PigShop contract opened at: EQBoYAWAd5Wjzij1fX1iLw9mfRhwutNzsHX6rG7TB6qk3o_P
[2025-06-18T02:55:37.023Z] [LOG] ⚠️ No new transactions found
[2025-06-18T02:55:39.023Z] [LOG] ➡️ Starting to catch PigShop events
[2025-06-18T02:55:39.023Z] [LOG] 🔍 Listen address: EQBoYAWAd5Wjzij1fX1iLw9mfRhwutNzsHX6rG7TB6qk3o_P
[2025-06-18T02:55:39.023Z] [LOG] 📌 Last known lt: 35820187000003
[2025-06-18T02:55:39.024Z] [LOG] 📌 Last known lt: 35820187000003
[2025-06-18T02:55:39.106Z] [LOG] 👛 Admin wallet loaded: EQBfJH9a8I9C8eU0iu9wRkcWBmNtUZmJzeHGi1IcCTaoHfZr
[2025-06-18T02:55:39.106Z] [LOG] 🏪 PigShop contract opened at: EQBoYAWAd5Wjzij1fX1iLw9mfRhwutNzsHX6rG7TB6qk3o_P
[2025-06-18T02:55:39.275Z] [LOG] ⚠️ No new transactions found
[2025-06-18T02:55:41.276Z] [LOG] ➡️ Starting to catch PigShop events
[2025-06-18T02:55:41.276Z] [LOG] 🔍 Listen address: EQBoYAWAd5Wjzij1fX1iLw9mfRhwutNzsHX6rG7TB6qk3o_P
[2025-06-18T02:55:41.276Z] [LOG] 📌 Last known lt: 35820187000003
[2025-06-18T02:55:41.276Z] [LOG] 📌 Last known lt: 35820187000003
[2025-06-18T02:55:41.354Z] [LOG] 👛 Admin wallet loaded: EQBfJH9a8I9C8eU0iu9wRkcWBmNtUZmJzeHGi1IcCTaoHfZr
[2025-06-18T02:55:41.354Z] [LOG] 🏪 PigShop contract opened at: EQBoYAWAd5Wjzij1fX1iLw9mfRhwutNzsHX6rG7TB6qk3o_P
[2025-06-18T02:55:41.539Z] [LOG] ⚠️ No new transactions found
[2025-06-18T02:55:43.540Z] [LOG] ➡️ Starting to catch PigShop events
[2025-06-18T02:55:43.540Z] [LOG] 🔍 Listen address: EQBoYAWAd5Wjzij1fX1iLw9mfRhwutNzsHX6rG7TB6qk3o_P
[2025-06-18T02:55:43.540Z] [LOG] 📌 Last known lt: 35820187000003
[2025-06-18T02:55:43.540Z] [LOG] 📌 Last known lt: 35820187000003
[2025-06-18T02:55:43.619Z] [LOG] 👛 Admin wallet loaded: EQBfJH9a8I9C8eU0iu9wRkcWBmNtUZmJzeHGi1IcCTaoHfZr
[2025-06-18T02:55:43.619Z] [LOG] 🏪 PigShop contract opened at: EQBoYAWAd5Wjzij1fX1iLw9mfRhwutNzsHX6rG7TB6qk3o_P
[2025-06-18T02:55:43.889Z] [LOG] ⚠️ No new transactions found
[2025-06-18T02:55:45.890Z] [LOG] ➡️ Starting to catch PigShop events
[2025-06-18T02:55:45.890Z] [LOG] 🔍 Listen address: EQBoYAWAd5Wjzij1fX1iLw9mfRhwutNzsHX6rG7TB6qk3o_P
[2025-06-18T02:55:45.891Z] [LOG] 📌 Last known lt: 35820187000003
[2025-06-18T02:55:45.891Z] [LOG] 📌 Last known lt: 35820187000003
[2025-06-18T02:55:45.969Z] [LOG] 👛 Admin wallet loaded: EQBfJH9a8I9C8eU0iu9wRkcWBmNtUZmJzeHGi1IcCTaoHfZr
[2025-06-18T02:55:45.969Z] [LOG] 🏪 PigShop contract opened at: EQBoYAWAd5Wjzij1fX1iLw9mfRhwutNzsHX6rG7TB6qk3o_P
[2025-06-18T02:55:46.140Z] [LOG] ⚠️ No new transactions found
[2025-06-18T02:55:48.141Z] [LOG] ➡️ Starting to catch PigShop events
[2025-06-18T02:55:48.141Z] [LOG] 🔍 Listen address: EQBoYAWAd5Wjzij1fX1iLw9mfRhwutNzsHX6rG7TB6qk3o_P
[2025-06-18T02:55:48.141Z] [LOG] 📌 Last known lt: 35820187000003
[2025-06-18T02:55:48.142Z] [LOG] 📌 Last known lt: 35820187000003
[2025-06-18T02:55:48.218Z] [LOG] 👛 Admin wallet loaded: EQBfJH9a8I9C8eU0iu9wRkcWBmNtUZmJzeHGi1IcCTaoHfZr
[2025-06-18T02:55:48.218Z] [LOG] 🏪 PigShop contract opened at: EQBoYAWAd5Wjzij1fX1iLw9mfRhwutNzsHX6rG7TB6qk3o_P
[2025-06-18T02:55:48.495Z] [LOG] ⚠️ No new transactions found
[2025-06-18T02:55:50.496Z] [LOG] ➡️ Starting to catch PigShop events
[2025-06-18T02:55:50.497Z] [LOG] 🔍 Listen address: EQBoYAWAd5Wjzij1fX1iLw9mfRhwutNzsHX6rG7TB6qk3o_P
[2025-06-18T02:55:50.497Z] [LOG] 📌 Last known lt: 35820187000003
[2025-06-18T02:55:50.497Z] [LOG] 📌 Last known lt: 35820187000003
[2025-06-18T02:55:50.577Z] [LOG] 👛 Admin wallet loaded: EQBfJH9a8I9C8eU0iu9wRkcWBmNtUZmJzeHGi1IcCTaoHfZr
[2025-06-18T02:55:50.577Z] [LOG] 🏪 PigShop contract opened at: EQBoYAWAd5Wjzij1fX1iLw9mfRhwutNzsHX6rG7TB6qk3o_P
[2025-06-18T02:55:50.757Z] [LOG] ⚠️ No new transactions found
[2025-06-18T02:55:52.756Z] [LOG] ➡️ Starting to catch PigShop events
[2025-06-18T02:55:52.757Z] [LOG] 🔍 Listen address: EQBoYAWAd5Wjzij1fX1iLw9mfRhwutNzsHX6rG7TB6qk3o_P
[2025-06-18T02:55:52.757Z] [LOG] 📌 Last known lt: 35820187000003
[2025-06-18T02:55:52.757Z] [LOG] 📌 Last known lt: 35820187000003
[2025-06-18T02:55:52.833Z] [LOG] 👛 Admin wallet loaded: EQBfJH9a8I9C8eU0iu9wRkcWBmNtUZmJzeHGi1IcCTaoHfZr
[2025-06-18T02:55:52.833Z] [LOG] 🏪 PigShop contract opened at: EQBoYAWAd5Wjzij1fX1iLw9mfRhwutNzsHX6rG7TB6qk3o_P
[2025-06-18T02:55:53.008Z] [LOG] ⚠️ No new transactions found
[2025-06-18T02:55:55.010Z] [LOG] ➡️ Starting to catch PigShop events
[2025-06-18T02:55:55.010Z] [LOG] 🔍 Listen address: EQBoYAWAd5Wjzij1fX1iLw9mfRhwutNzsHX6rG7TB6qk3o_P
[2025-06-18T02:55:55.011Z] [LOG] 📌 Last known lt: 35820187000003
[2025-06-18T02:55:55.011Z] [LOG] 📌 Last known lt: 35820187000003
[2025-06-18T02:55:55.108Z] [LOG] 👛 Admin wallet loaded: EQBfJH9a8I9C8eU0iu9wRkcWBmNtUZmJzeHGi1IcCTaoHfZr
[2025-06-18T02:55:55.108Z] [LOG] 🏪 PigShop contract opened at: EQBoYAWAd5Wjzij1fX1iLw9mfRhwutNzsHX6rG7TB6qk3o_P
[2025-06-18T02:55:55.285Z] [LOG] ⚠️ No new transactions found
[2025-06-18T02:55:57.286Z] [LOG] ➡️ Starting to catch PigShop events
[2025-06-18T02:55:57.291Z] [LOG] 🔍 Listen address: EQBoYAWAd5Wjzij1fX1iLw9mfRhwutNzsHX6rG7TB6qk3o_P
[2025-06-18T02:55:57.291Z] [LOG] 📌 Last known lt: 35820187000003
[2025-06-18T02:55:57.291Z] [LOG] 📌 Last known lt: 35820187000003
[2025-06-18T02:55:57.363Z] [LOG] 👛 Admin wallet loaded: EQBfJH9a8I9C8eU0iu9wRkcWBmNtUZmJzeHGi1IcCTaoHfZr
[2025-06-18T02:55:57.363Z] [LOG] 🏪 PigShop contract opened at: EQBoYAWAd5Wjzij1fX1iLw9mfRhwutNzsHX6rG7TB6qk3o_P
[2025-06-18T02:55:57.535Z] [LOG] ⚠️ No new transactions found
[2025-06-18T02:55:59.535Z] [LOG] ➡️ Starting to catch PigShop events
[2025-06-18T02:55:59.535Z] [LOG] 🔍 Listen address: EQBoYAWAd5Wjzij1fX1iLw9mfRhwutNzsHX6rG7TB6qk3o_P
[2025-06-18T02:55:59.535Z] [LOG] 📌 Last known lt: 35820187000003
[2025-06-18T02:55:59.536Z] [LOG] 📌 Last known lt: 35820187000003
[2025-06-18T02:55:59.611Z] [LOG] 👛 Admin wallet loaded: EQBfJH9a8I9C8eU0iu9wRkcWBmNtUZmJzeHGi1IcCTaoHfZr
[2025-06-18T02:55:59.611Z] [LOG] 🏪 PigShop contract opened at: EQBoYAWAd5Wjzij1fX1iLw9mfRhwutNzsHX6rG7TB6qk3o_P
[2025-06-18T02:55:59.847Z] [LOG] ⚠️ No new transactions found
[2025-06-18T02:56:01.848Z] [LOG] ➡️ Starting to catch PigShop events
[2025-06-18T02:56:01.848Z] [LOG] 🔍 Listen address: EQBoYAWAd5Wjzij1fX1iLw9mfRhwutNzsHX6rG7TB6qk3o_P
[2025-06-18T02:56:01.848Z] [LOG] 📌 Last known lt: 35820187000003
[2025-06-18T02:56:01.849Z] [LOG] 📌 Last known lt: 35820187000003
[2025-06-18T02:56:01.919Z] [LOG] 👛 Admin wallet loaded: EQBfJH9a8I9C8eU0iu9wRkcWBmNtUZmJzeHGi1IcCTaoHfZr
[2025-06-18T02:56:01.919Z] [LOG] 🏪 PigShop contract opened at: EQBoYAWAd5Wjzij1fX1iLw9mfRhwutNzsHX6rG7TB6qk3o_P
[2025-06-18T02:56:02.090Z] [LOG] ⚠️ No new transactions found
[2025-06-18T02:56:04.091Z] [LOG] ➡️ Starting to catch PigShop events
[2025-06-18T02:56:04.092Z] [LOG] 🔍 Listen address: EQBoYAWAd5Wjzij1fX1iLw9mfRhwutNzsHX6rG7TB6qk3o_P
[2025-06-18T02:56:04.092Z] [LOG] 📌 Last known lt: 35820187000003
[2025-06-18T02:56:04.092Z] [LOG] 📌 Last known lt: 35820187000003
[2025-06-18T02:56:04.173Z] [LOG] 👛 Admin wallet loaded: EQBfJH9a8I9C8eU0iu9wRkcWBmNtUZmJzeHGi1IcCTaoHfZr
[2025-06-18T02:56:04.173Z] [LOG] 🏪 PigShop contract opened at: EQBoYAWAd5Wjzij1fX1iLw9mfRhwutNzsHX6rG7TB6qk3o_P
[2025-06-18T02:56:04.361Z] [LOG] ⚠️ No new transactions found
[2025-06-18T02:56:06.362Z] [LOG] ➡️ Starting to catch PigShop events
[2025-06-18T02:56:06.363Z] [LOG] 🔍 Listen address: EQBoYAWAd5Wjzij1fX1iLw9mfRhwutNzsHX6rG7TB6qk3o_P
[2025-06-18T02:56:06.363Z] [LOG] 📌 Last known lt: 35820187000003
[2025-06-18T02:56:06.363Z] [LOG] 📌 Last known lt: 35820187000003
[2025-06-18T02:56:06.446Z] [LOG] 👛 Admin wallet loaded: EQBfJH9a8I9C8eU0iu9wRkcWBmNtUZmJzeHGi1IcCTaoHfZr
[2025-06-18T02:56:06.446Z] [LOG] 🏪 PigShop contract opened at: EQBoYAWAd5Wjzij1fX1iLw9mfRhwutNzsHX6rG7TB6qk3o_P
[2025-06-18T02:56:06.622Z] [LOG] ⚠️ No new transactions found
[2025-06-18T02:56:08.622Z] [LOG] ➡️ Starting to catch PigShop events
[2025-06-18T02:56:08.622Z] [LOG] 🔍 Listen address: EQBoYAWAd5Wjzij1fX1iLw9mfRhwutNzsHX6rG7TB6qk3o_P
[2025-06-18T02:56:08.622Z] [LOG] 📌 Last known lt: 35820187000003
[2025-06-18T02:56:08.622Z] [LOG] 📌 Last known lt: 35820187000003
[2025-06-18T02:56:08.699Z] [LOG] 👛 Admin wallet loaded: EQBfJH9a8I9C8eU0iu9wRkcWBmNtUZmJzeHGi1IcCTaoHfZr
[2025-06-18T02:56:08.699Z] [LOG] 🏪 PigShop contract opened at: EQBoYAWAd5Wjzij1fX1iLw9mfRhwutNzsHX6rG7TB6qk3o_P
[2025-06-18T02:56:08.879Z] [LOG] ⚠️ No new transactions found
[2025-06-18T02:56:10.881Z] [LOG] ➡️ Starting to catch PigShop events
[2025-06-18T02:56:10.881Z] [LOG] 🔍 Listen address: EQBoYAWAd5Wjzij1fX1iLw9mfRhwutNzsHX6rG7TB6qk3o_P
[2025-06-18T02:56:10.881Z] [LOG] 📌 Last known lt: 35820187000003
[2025-06-18T02:56:10.881Z] [LOG] 📌 Last known lt: 35820187000003
[2025-06-18T02:56:10.954Z] [LOG] 👛 Admin wallet loaded: EQBfJH9a8I9C8eU0iu9wRkcWBmNtUZmJzeHGi1IcCTaoHfZr
[2025-06-18T02:56:10.954Z] [LOG] 🏪 PigShop contract opened at: EQBoYAWAd5Wjzij1fX1iLw9mfRhwutNzsHX6rG7TB6qk3o_P
[2025-06-18T02:56:11.229Z] [LOG] ⚠️ No new transactions found
[2025-06-18T02:56:13.230Z] [LOG] ➡️ Starting to catch PigShop events
[2025-06-18T02:56:13.230Z] [LOG] 🔍 Listen address: EQBoYAWAd5Wjzij1fX1iLw9mfRhwutNzsHX6rG7TB6qk3o_P
[2025-06-18T02:56:13.230Z] [LOG] 📌 Last known lt: 35820187000003
[2025-06-18T02:56:13.230Z] [LOG] 📌 Last known lt: 35820187000003
[2025-06-18T02:56:13.312Z] [LOG] 👛 Admin wallet loaded: EQBfJH9a8I9C8eU0iu9wRkcWBmNtUZmJzeHGi1IcCTaoHfZr
[2025-06-18T02:56:13.312Z] [LOG] 🏪 PigShop contract opened at: EQBoYAWAd5Wjzij1fX1iLw9mfRhwutNzsHX6rG7TB6qk3o_P
[2025-06-18T02:56:13.490Z] [LOG] ⚠️ No new transactions found
[2025-06-18T02:56:15.490Z] [LOG] ➡️ Starting to catch PigShop events
[2025-06-18T02:56:15.491Z] [LOG] 🔍 Listen address: EQBoYAWAd5Wjzij1fX1iLw9mfRhwutNzsHX6rG7TB6qk3o_P
[2025-06-18T02:56:15.491Z] [LOG] 📌 Last known lt: 35820187000003
[2025-06-18T02:56:15.491Z] [LOG] 📌 Last known lt: 35820187000003
[2025-06-18T02:56:15.556Z] [LOG] 👛 Admin wallet loaded: EQBfJH9a8I9C8eU0iu9wRkcWBmNtUZmJzeHGi1IcCTaoHfZr
[2025-06-18T02:56:15.557Z] [LOG] 🏪 PigShop contract opened at: EQBoYAWAd5Wjzij1fX1iLw9mfRhwutNzsHX6rG7TB6qk3o_P
[2025-06-18T02:56:15.745Z] [LOG] ⚠️ No new transactions found
[2025-06-18T02:56:17.896Z] [LOG] ➡️ Starting to catch PigShop events
[2025-06-18T02:56:17.896Z] [LOG] 🔍 Listen address: EQBoYAWAd5Wjzij1fX1iLw9mfRhwutNzsHX6rG7TB6qk3o_P
[2025-06-18T02:56:17.896Z] [LOG] 📌 Last known lt: 35820187000003
[2025-06-18T02:56:17.896Z] [LOG] 📌 Last known lt: 35820187000003
[2025-06-18T02:56:18.015Z] [LOG] 👛 Admin wallet loaded: EQBfJH9a8I9C8eU0iu9wRkcWBmNtUZmJzeHGi1IcCTaoHfZr
[2025-06-18T02:56:18.015Z] [LOG] 🏪 PigShop contract opened at: EQBoYAWAd5Wjzij1fX1iLw9mfRhwutNzsHX6rG7TB6qk3o_P
[2025-06-18T02:56:18.397Z] [LOG] ⚠️ No new transactions found
[2025-06-18T02:56:20.397Z] [LOG] ➡️ Starting to catch PigShop events
[2025-06-18T02:56:20.397Z] [LOG] 🔍 Listen address: EQBoYAWAd5Wjzij1fX1iLw9mfRhwutNzsHX6rG7TB6qk3o_P
[2025-06-18T02:56:20.397Z] [LOG] 📌 Last known lt: 35820187000003
[2025-06-18T02:56:20.397Z] [LOG] 📌 Last known lt: 35820187000003
[2025-06-18T02:56:20.473Z] [LOG] 👛 Admin wallet loaded: EQBfJH9a8I9C8eU0iu9wRkcWBmNtUZmJzeHGi1IcCTaoHfZr
[2025-06-18T02:56:20.474Z] [LOG] 🏪 PigShop contract opened at: EQBoYAWAd5Wjzij1fX1iLw9mfRhwutNzsHX6rG7TB6qk3o_P
[2025-06-18T02:56:20.653Z] [LOG] ⚠️ No new transactions found
[2025-06-18T02:56:22.654Z] [LOG] ➡️ Starting to catch PigShop events
[2025-06-18T02:56:22.654Z] [LOG] 🔍 Listen address: EQBoYAWAd5Wjzij1fX1iLw9mfRhwutNzsHX6rG7TB6qk3o_P
[2025-06-18T02:56:22.654Z] [LOG] 📌 Last known lt: 35820187000003
[2025-06-18T02:56:22.654Z] [LOG] 📌 Last known lt: 35820187000003
[2025-06-18T02:56:22.721Z] [LOG] 👛 Admin wallet loaded: EQBfJH9a8I9C8eU0iu9wRkcWBmNtUZmJzeHGi1IcCTaoHfZr
[2025-06-18T02:56:22.721Z] [LOG] 🏪 PigShop contract opened at: EQBoYAWAd5Wjzij1fX1iLw9mfRhwutNzsHX6rG7TB6qk3o_P
[2025-06-18T02:56:23.005Z] [LOG] ⚠️ No new transactions found
[2025-06-18T02:56:25.005Z] [LOG] ➡️ Starting to catch PigShop events
[2025-06-18T02:56:25.006Z] [LOG] 🔍 Listen address: EQBoYAWAd5Wjzij1fX1iLw9mfRhwutNzsHX6rG7TB6qk3o_P
[2025-06-18T02:56:25.006Z] [LOG] 📌 Last known lt: 35820187000003
[2025-06-18T02:56:25.006Z] [LOG] 📌 Last known lt: 35820187000003
[2025-06-18T02:56:25.087Z] [LOG] 👛 Admin wallet loaded: EQBfJH9a8I9C8eU0iu9wRkcWBmNtUZmJzeHGi1IcCTaoHfZr
[2025-06-18T02:56:25.087Z] [LOG] 🏪 PigShop contract opened at: EQBoYAWAd5Wjzij1fX1iLw9mfRhwutNzsHX6rG7TB6qk3o_P
[2025-06-18T02:56:25.362Z] [LOG] ⚠️ No new transactions found
[2025-06-18T02:56:27.362Z] [LOG] ➡️ Starting to catch PigShop events
[2025-06-18T02:56:27.363Z] [LOG] 🔍 Listen address: EQBoYAWAd5Wjzij1fX1iLw9mfRhwutNzsHX6rG7TB6qk3o_P
[2025-06-18T02:56:27.363Z] [LOG] 📌 Last known lt: 35820187000003
[2025-06-18T02:56:27.363Z] [LOG] 📌 Last known lt: 35820187000003
[2025-06-18T02:56:27.444Z] [LOG] 👛 Admin wallet loaded: EQBfJH9a8I9C8eU0iu9wRkcWBmNtUZmJzeHGi1IcCTaoHfZr
[2025-06-18T02:56:27.444Z] [LOG] 🏪 PigShop contract opened at: EQBoYAWAd5Wjzij1fX1iLw9mfRhwutNzsHX6rG7TB6qk3o_P
[2025-06-18T02:56:27.716Z] [LOG] ⚠️ No new transactions found
[2025-06-18T02:56:29.717Z] [LOG] ➡️ Starting to catch PigShop events
[2025-06-18T02:56:29.717Z] [LOG] 🔍 Listen address: EQBoYAWAd5Wjzij1fX1iLw9mfRhwutNzsHX6rG7TB6qk3o_P
[2025-06-18T02:56:29.717Z] [LOG] 📌 Last known lt: 35820187000003
[2025-06-18T02:56:29.717Z] [LOG] 📌 Last known lt: 35820187000003
[2025-06-18T02:56:29.794Z] [LOG] 👛 Admin wallet loaded: EQBfJH9a8I9C8eU0iu9wRkcWBmNtUZmJzeHGi1IcCTaoHfZr
[2025-06-18T02:56:29.794Z] [LOG] 🏪 PigShop contract opened at: EQBoYAWAd5Wjzij1fX1iLw9mfRhwutNzsHX6rG7TB6qk3o_P
[2025-06-18T02:56:29.965Z] [LOG] ⚠️ No new transactions found
[2025-06-18T02:56:31.968Z] [LOG] ➡️ Starting to catch PigShop events
[2025-06-18T02:56:31.968Z] [LOG] 🔍 Listen address: EQBoYAWAd5Wjzij1fX1iLw9mfRhwutNzsHX6rG7TB6qk3o_P
[2025-06-18T02:56:31.968Z] [LOG] 📌 Last known lt: 35820187000003
[2025-06-18T02:56:31.968Z] [LOG] 📌 Last known lt: 35820187000003
[2025-06-18T02:56:32.051Z] [LOG] 👛 Admin wallet loaded: EQBfJH9a8I9C8eU0iu9wRkcWBmNtUZmJzeHGi1IcCTaoHfZr
[2025-06-18T02:56:32.051Z] [LOG] 🏪 PigShop contract opened at: EQBoYAWAd5Wjzij1fX1iLw9mfRhwutNzsHX6rG7TB6qk3o_P
[2025-06-18T02:56:32.224Z] [LOG] ⚠️ No new transactions found
[2025-06-18T02:56:34.225Z] [LOG] ➡️ Starting to catch PigShop events
[2025-06-18T02:56:34.226Z] [LOG] 🔍 Listen address: EQBoYAWAd5Wjzij1fX1iLw9mfRhwutNzsHX6rG7TB6qk3o_P
[2025-06-18T02:56:34.226Z] [LOG] 📌 Last known lt: 35820187000003
[2025-06-18T02:56:34.226Z] [LOG] 📌 Last known lt: 35820187000003
[2025-06-18T02:56:34.308Z] [LOG] 👛 Admin wallet loaded: EQBfJH9a8I9C8eU0iu9wRkcWBmNtUZmJzeHGi1IcCTaoHfZr
[2025-06-18T02:56:34.308Z] [LOG] 🏪 PigShop contract opened at: EQBoYAWAd5Wjzij1fX1iLw9mfRhwutNzsHX6rG7TB6qk3o_P
[2025-06-18T02:56:34.579Z] [LOG] ⚠️ No new transactions found
[2025-06-18T02:56:36.580Z] [LOG] ➡️ Starting to catch PigShop events
[2025-06-18T02:56:36.580Z] [LOG] 🔍 Listen address: EQBoYAWAd5Wjzij1fX1iLw9mfRhwutNzsHX6rG7TB6qk3o_P
[2025-06-18T02:56:36.580Z] [LOG] 📌 Last known lt: 35820187000003
[2025-06-18T02:56:36.580Z] [LOG] 📌 Last known lt: 35820187000003
[2025-06-18T02:56:36.701Z] [LOG] 👛 Admin wallet loaded: EQBfJH9a8I9C8eU0iu9wRkcWBmNtUZmJzeHGi1IcCTaoHfZr
[2025-06-18T02:56:36.701Z] [LOG] 🏪 PigShop contract opened at: EQBoYAWAd5Wjzij1fX1iLw9mfRhwutNzsHX6rG7TB6qk3o_P
[2025-06-18T02:56:36.887Z] [LOG] ⚠️ No new transactions found
[2025-06-18T02:56:38.888Z] [LOG] ➡️ Starting to catch PigShop events
[2025-06-18T02:56:38.888Z] [LOG] 🔍 Listen address: EQBoYAWAd5Wjzij1fX1iLw9mfRhwutNzsHX6rG7TB6qk3o_P
[2025-06-18T02:56:38.888Z] [LOG] 📌 Last known lt: 35820187000003
[2025-06-18T02:56:38.888Z] [LOG] 📌 Last known lt: 35820187000003
[2025-06-18T02:56:38.964Z] [LOG] 👛 Admin wallet loaded: EQBfJH9a8I9C8eU0iu9wRkcWBmNtUZmJzeHGi1IcCTaoHfZr
[2025-06-18T02:56:38.964Z] [LOG] 🏪 PigShop contract opened at: EQBoYAWAd5Wjzij1fX1iLw9mfRhwutNzsHX6rG7TB6qk3o_P
[2025-06-18T02:56:39.170Z] [LOG] ⚠️ No new transactions found
[2025-06-18T02:56:41.169Z] [LOG] ➡️ Starting to catch PigShop events
[2025-06-18T02:56:41.170Z] [LOG] 🔍 Listen address: EQBoYAWAd5Wjzij1fX1iLw9mfRhwutNzsHX6rG7TB6qk3o_P
[2025-06-18T02:56:41.170Z] [LOG] 📌 Last known lt: 35820187000003
[2025-06-18T02:56:41.170Z] [LOG] 📌 Last known lt: 35820187000003
[2025-06-18T02:56:41.238Z] [LOG] 👛 Admin wallet loaded: EQBfJH9a8I9C8eU0iu9wRkcWBmNtUZmJzeHGi1IcCTaoHfZr
[2025-06-18T02:56:41.238Z] [LOG] 🏪 PigShop contract opened at: EQBoYAWAd5Wjzij1fX1iLw9mfRhwutNzsHX6rG7TB6qk3o_P
[2025-06-18T02:56:41.438Z] [LOG] ⚠️ No new transactions found
[2025-06-18T02:56:43.439Z] [LOG] ➡️ Starting to catch PigShop events
[2025-06-18T02:56:43.440Z] [LOG] 🔍 Listen address: EQBoYAWAd5Wjzij1fX1iLw9mfRhwutNzsHX6rG7TB6qk3o_P
[2025-06-18T02:56:43.440Z] [LOG] 📌 Last known lt: 35820187000003
[2025-06-18T02:56:43.440Z] [LOG] 📌 Last known lt: 35820187000003
[2025-06-18T02:56:43.516Z] [LOG] 👛 Admin wallet loaded: EQBfJH9a8I9C8eU0iu9wRkcWBmNtUZmJzeHGi1IcCTaoHfZr
[2025-06-18T02:56:43.516Z] [LOG] 🏪 PigShop contract opened at: EQBoYAWAd5Wjzij1fX1iLw9mfRhwutNzsHX6rG7TB6qk3o_P
[2025-06-18T02:56:43.795Z] [LOG] ⚠️ No new transactions found
[2025-06-18T02:56:45.795Z] [LOG] ➡️ Starting to catch PigShop events
[2025-06-18T02:56:45.795Z] [LOG] 🔍 Listen address: EQBoYAWAd5Wjzij1fX1iLw9mfRhwutNzsHX6rG7TB6qk3o_P
[2025-06-18T02:56:45.795Z] [LOG] 📌 Last known lt: 35820187000003
[2025-06-18T02:56:45.795Z] [LOG] 📌 Last known lt: 35820187000003
[2025-06-18T02:56:45.872Z] [LOG] 👛 Admin wallet loaded: EQBfJH9a8I9C8eU0iu9wRkcWBmNtUZmJzeHGi1IcCTaoHfZr
[2025-06-18T02:56:45.872Z] [LOG] 🏪 PigShop contract opened at: EQBoYAWAd5Wjzij1fX1iLw9mfRhwutNzsHX6rG7TB6qk3o_P
[2025-06-18T02:56:46.043Z] [LOG] ⚠️ No new transactions found
[2025-06-18T02:56:48.044Z] [LOG] ➡️ Starting to catch PigShop events
[2025-06-18T02:56:48.044Z] [LOG] 🔍 Listen address: EQBoYAWAd5Wjzij1fX1iLw9mfRhwutNzsHX6rG7TB6qk3o_P
[2025-06-18T02:56:48.044Z] [LOG] 📌 Last known lt: 35820187000003
[2025-06-18T02:56:48.044Z] [LOG] 📌 Last known lt: 35820187000003
[2025-06-18T02:56:48.115Z] [LOG] 👛 Admin wallet loaded: EQBfJH9a8I9C8eU0iu9wRkcWBmNtUZmJzeHGi1IcCTaoHfZr
[2025-06-18T02:56:48.115Z] [LOG] 🏪 PigShop contract opened at: EQBoYAWAd5Wjzij1fX1iLw9mfRhwutNzsHX6rG7TB6qk3o_P
[2025-06-18T02:56:48.287Z] [LOG] ⚠️ No new transactions found
[2025-06-18T02:56:50.288Z] [LOG] ➡️ Starting to catch PigShop events
[2025-06-18T02:56:50.288Z] [LOG] 🔍 Listen address: EQBoYAWAd5Wjzij1fX1iLw9mfRhwutNzsHX6rG7TB6qk3o_P
[2025-06-18T02:56:50.288Z] [LOG] 📌 Last known lt: 35820187000003
[2025-06-18T02:56:50.288Z] [LOG] 📌 Last known lt: 35820187000003
[2025-06-18T02:56:50.366Z] [LOG] 👛 Admin wallet loaded: EQBfJH9a8I9C8eU0iu9wRkcWBmNtUZmJzeHGi1IcCTaoHfZr
[2025-06-18T02:56:50.366Z] [LOG] 🏪 PigShop contract opened at: EQBoYAWAd5Wjzij1fX1iLw9mfRhwutNzsHX6rG7TB6qk3o_P
[2025-06-18T02:56:50.538Z] [LOG] ⚠️ No new transactions found
[2025-06-18T02:56:52.537Z] [LOG] ➡️ Starting to catch PigShop events
[2025-06-18T02:56:52.537Z] [LOG] 🔍 Listen address: EQBoYAWAd5Wjzij1fX1iLw9mfRhwutNzsHX6rG7TB6qk3o_P
[2025-06-18T02:56:52.537Z] [LOG] 📌 Last known lt: 35820187000003
[2025-06-18T02:56:52.537Z] [LOG] 📌 Last known lt: 35820187000003
[2025-06-18T02:56:52.618Z] [LOG] 👛 Admin wallet loaded: EQBfJH9a8I9C8eU0iu9wRkcWBmNtUZmJzeHGi1IcCTaoHfZr
[2025-06-18T02:56:52.619Z] [LOG] 🏪 PigShop contract opened at: EQBoYAWAd5Wjzij1fX1iLw9mfRhwutNzsHX6rG7TB6qk3o_P
[2025-06-18T02:56:52.798Z] [LOG] ⚠️ No new transactions found
[2025-06-18T02:56:54.799Z] [LOG] ➡️ Starting to catch PigShop events
[2025-06-18T02:56:54.799Z] [LOG] 🔍 Listen address: EQBoYAWAd5Wjzij1fX1iLw9mfRhwutNzsHX6rG7TB6qk3o_P
[2025-06-18T02:56:54.799Z] [LOG] 📌 Last known lt: 35820187000003
[2025-06-18T02:56:54.799Z] [LOG] 📌 Last known lt: 35820187000003
[2025-06-18T02:56:54.876Z] [LOG] 👛 Admin wallet loaded: EQBfJH9a8I9C8eU0iu9wRkcWBmNtUZmJzeHGi1IcCTaoHfZr
[2025-06-18T02:56:54.876Z] [LOG] 🏪 PigShop contract opened at: EQBoYAWAd5Wjzij1fX1iLw9mfRhwutNzsHX6rG7TB6qk3o_P
[2025-06-18T02:56:55.051Z] [LOG] ⚠️ No new transactions found
[2025-06-18T02:56:57.052Z] [LOG] ➡️ Starting to catch PigShop events
[2025-06-18T02:56:57.052Z] [LOG] 🔍 Listen address: EQBoYAWAd5Wjzij1fX1iLw9mfRhwutNzsHX6rG7TB6qk3o_P
[2025-06-18T02:56:57.052Z] [LOG] 📌 Last known lt: 35820187000003
[2025-06-18T02:56:57.052Z] [LOG] 📌 Last known lt: 35820187000003
[2025-06-18T02:56:57.124Z] [LOG] 👛 Admin wallet loaded: EQBfJH9a8I9C8eU0iu9wRkcWBmNtUZmJzeHGi1IcCTaoHfZr
[2025-06-18T02:56:57.124Z] [LOG] 🏪 PigShop contract opened at: EQBoYAWAd5Wjzij1fX1iLw9mfRhwutNzsHX6rG7TB6qk3o_P
[2025-06-18T02:56:57.297Z] [LOG] ⚠️ No new transactions found
[2025-06-18T02:56:59.298Z] [LOG] ➡️ Starting to catch PigShop events
[2025-06-18T02:56:59.298Z] [LOG] 🔍 Listen address: EQBoYAWAd5Wjzij1fX1iLw9mfRhwutNzsHX6rG7TB6qk3o_P
[2025-06-18T02:56:59.298Z] [LOG] 📌 Last known lt: 35820187000003
[2025-06-18T02:56:59.298Z] [LOG] 📌 Last known lt: 35820187000003
[2025-06-18T02:56:59.378Z] [LOG] 👛 Admin wallet loaded: EQBfJH9a8I9C8eU0iu9wRkcWBmNtUZmJzeHGi1IcCTaoHfZr
[2025-06-18T02:56:59.379Z] [LOG] 🏪 PigShop contract opened at: EQBoYAWAd5Wjzij1fX1iLw9mfRhwutNzsHX6rG7TB6qk3o_P
[2025-06-18T02:56:59.565Z] [LOG] ⚠️ No new transactions found
[2025-06-18T02:57:01.566Z] [LOG] ➡️ Starting to catch PigShop events
[2025-06-18T02:57:01.566Z] [LOG] 🔍 Listen address: EQBoYAWAd5Wjzij1fX1iLw9mfRhwutNzsHX6rG7TB6qk3o_P
[2025-06-18T02:57:01.566Z] [LOG] 📌 Last known lt: 35820187000003
[2025-06-18T02:57:01.566Z] [LOG] 📌 Last known lt: 35820187000003
[2025-06-18T02:57:01.645Z] [LOG] 👛 Admin wallet loaded: EQBfJH9a8I9C8eU0iu9wRkcWBmNtUZmJzeHGi1IcCTaoHfZr
[2025-06-18T02:57:01.645Z] [LOG] 🏪 PigShop contract opened at: EQBoYAWAd5Wjzij1fX1iLw9mfRhwutNzsHX6rG7TB6qk3o_P
[2025-06-18T02:57:01.834Z] [LOG] ⚠️ No new transactions found
[2025-06-18T02:57:03.834Z] [LOG] ➡️ Starting to catch PigShop events
[2025-06-18T02:57:03.834Z] [LOG] 🔍 Listen address: EQBoYAWAd5Wjzij1fX1iLw9mfRhwutNzsHX6rG7TB6qk3o_P
[2025-06-18T02:57:03.834Z] [LOG] 📌 Last known lt: 35820187000003
[2025-06-18T02:57:03.834Z] [LOG] 📌 Last known lt: 35820187000003
[2025-06-18T02:57:03.931Z] [LOG] 👛 Admin wallet loaded: EQBfJH9a8I9C8eU0iu9wRkcWBmNtUZmJzeHGi1IcCTaoHfZr
[2025-06-18T02:57:03.931Z] [LOG] 🏪 PigShop contract opened at: EQBoYAWAd5Wjzij1fX1iLw9mfRhwutNzsHX6rG7TB6qk3o_P
[2025-06-18T02:57:04.305Z] [LOG] ⚠️ No new transactions found
[2025-06-18T02:57:06.306Z] [LOG] ➡️ Starting to catch PigShop events
[2025-06-18T02:57:06.306Z] [LOG] 🔍 Listen address: EQBoYAWAd5Wjzij1fX1iLw9mfRhwutNzsHX6rG7TB6qk3o_P
[2025-06-18T02:57:06.306Z] [LOG] 📌 Last known lt: 35820187000003
[2025-06-18T02:57:06.307Z] [LOG] 📌 Last known lt: 35820187000003
[2025-06-18T02:57:06.400Z] [LOG] 👛 Admin wallet loaded: EQBfJH9a8I9C8eU0iu9wRkcWBmNtUZmJzeHGi1IcCTaoHfZr
[2025-06-18T02:57:06.400Z] [LOG] 🏪 PigShop contract opened at: EQBoYAWAd5Wjzij1fX1iLw9mfRhwutNzsHX6rG7TB6qk3o_P
[2025-06-18T02:57:06.574Z] [LOG] ⚠️ No new transactions found
[2025-06-18T02:57:08.575Z] [LOG] ➡️ Starting to catch PigShop events
[2025-06-18T02:57:08.575Z] [LOG] 🔍 Listen address: EQBoYAWAd5Wjzij1fX1iLw9mfRhwutNzsHX6rG7TB6qk3o_P
[2025-06-18T02:57:08.576Z] [LOG] 📌 Last known lt: 35820187000003
[2025-06-18T02:57:08.576Z] [LOG] 📌 Last known lt: 35820187000003
[2025-06-18T02:57:08.656Z] [LOG] 👛 Admin wallet loaded: EQBfJH9a8I9C8eU0iu9wRkcWBmNtUZmJzeHGi1IcCTaoHfZr
[2025-06-18T02:57:08.657Z] [LOG] 🏪 PigShop contract opened at: EQBoYAWAd5Wjzij1fX1iLw9mfRhwutNzsHX6rG7TB6qk3o_P
[2025-06-18T02:57:08.828Z] [LOG] ⚠️ No new transactions found
[2025-06-18T02:57:10.828Z] [LOG] ➡️ Starting to catch PigShop events
[2025-06-18T02:57:10.828Z] [LOG] 🔍 Listen address: EQBoYAWAd5Wjzij1fX1iLw9mfRhwutNzsHX6rG7TB6qk3o_P
[2025-06-18T02:57:10.828Z] [LOG] 📌 Last known lt: 35820187000003
[2025-06-18T02:57:10.828Z] [LOG] 📌 Last known lt: 35820187000003
[2025-06-18T02:57:10.898Z] [LOG] 👛 Admin wallet loaded: EQBfJH9a8I9C8eU0iu9wRkcWBmNtUZmJzeHGi1IcCTaoHfZr
[2025-06-18T02:57:10.899Z] [LOG] 🏪 PigShop contract opened at: EQBoYAWAd5Wjzij1fX1iLw9mfRhwutNzsHX6rG7TB6qk3o_P
[2025-06-18T02:57:11.096Z] [LOG] ⚠️ No new transactions found
[2025-06-18T02:57:13.097Z] [LOG] ➡️ Starting to catch PigShop events
[2025-06-18T02:57:13.097Z] [LOG] 🔍 Listen address: EQBoYAWAd5Wjzij1fX1iLw9mfRhwutNzsHX6rG7TB6qk3o_P
[2025-06-18T02:57:13.097Z] [LOG] 📌 Last known lt: 35820187000003
[2025-06-18T02:57:13.097Z] [LOG] 📌 Last known lt: 35820187000003
[2025-06-18T02:57:13.169Z] [LOG] 👛 Admin wallet loaded: EQBfJH9a8I9C8eU0iu9wRkcWBmNtUZmJzeHGi1IcCTaoHfZr
[2025-06-18T02:57:13.169Z] [LOG] 🏪 PigShop contract opened at: EQBoYAWAd5Wjzij1fX1iLw9mfRhwutNzsHX6rG7TB6qk3o_P
[2025-06-18T02:57:13.388Z] [LOG] ⚠️ No new transactions found
[2025-06-18T02:57:15.389Z] [LOG] ➡️ Starting to catch PigShop events
[2025-06-18T02:57:15.389Z] [LOG] 🔍 Listen address: EQBoYAWAd5Wjzij1fX1iLw9mfRhwutNzsHX6rG7TB6qk3o_P
[2025-06-18T02:57:15.389Z] [LOG] 📌 Last known lt: 35820187000003
[2025-06-18T02:57:15.389Z] [LOG] 📌 Last known lt: 35820187000003
[2025-06-18T02:57:15.464Z] [LOG] 👛 Admin wallet loaded: EQBfJH9a8I9C8eU0iu9wRkcWBmNtUZmJzeHGi1IcCTaoHfZr
[2025-06-18T02:57:15.465Z] [LOG] 🏪 PigShop contract opened at: EQBoYAWAd5Wjzij1fX1iLw9mfRhwutNzsHX6rG7TB6qk3o_P
[2025-06-18T02:57:15.744Z] [LOG] ⚠️ No new transactions found
[2025-06-18T02:57:17.745Z] [LOG] ➡️ Starting to catch PigShop events
[2025-06-18T02:57:17.745Z] [LOG] 🔍 Listen address: EQBoYAWAd5Wjzij1fX1iLw9mfRhwutNzsHX6rG7TB6qk3o_P
[2025-06-18T02:57:17.745Z] [LOG] 📌 Last known lt: 35820187000003
[2025-06-18T02:57:17.745Z] [LOG] 📌 Last known lt: 35820187000003
[2025-06-18T02:57:17.824Z] [LOG] 👛 Admin wallet loaded: EQBfJH9a8I9C8eU0iu9wRkcWBmNtUZmJzeHGi1IcCTaoHfZr
[2025-06-18T02:57:17.824Z] [LOG] 🏪 PigShop contract opened at: EQBoYAWAd5Wjzij1fX1iLw9mfRhwutNzsHX6rG7TB6qk3o_P
[2025-06-18T02:57:18.099Z] [LOG] ⚠️ No new transactions found
[2025-06-18T02:57:20.100Z] [LOG] ➡️ Starting to catch PigShop events
[2025-06-18T02:57:20.100Z] [LOG] 🔍 Listen address: EQBoYAWAd5Wjzij1fX1iLw9mfRhwutNzsHX6rG7TB6qk3o_P
[2025-06-18T02:57:20.100Z] [LOG] 📌 Last known lt: 35820187000003
[2025-06-18T02:57:20.100Z] [LOG] 📌 Last known lt: 35820187000003
[2025-06-18T02:57:20.172Z] [LOG] 👛 Admin wallet loaded: EQBfJH9a8I9C8eU0iu9wRkcWBmNtUZmJzeHGi1IcCTaoHfZr
[2025-06-18T02:57:20.172Z] [LOG] 🏪 PigShop contract opened at: EQBoYAWAd5Wjzij1fX1iLw9mfRhwutNzsHX6rG7TB6qk3o_P
[2025-06-18T02:57:20.351Z] [LOG] ⚠️ No new transactions found
[2025-06-18T02:57:22.351Z] [LOG] ➡️ Starting to catch PigShop events
[2025-06-18T02:57:22.351Z] [LOG] 🔍 Listen address: EQBoYAWAd5Wjzij1fX1iLw9mfRhwutNzsHX6rG7TB6qk3o_P
[2025-06-18T02:57:22.351Z] [LOG] 📌 Last known lt: 35820187000003
[2025-06-18T02:57:22.351Z] [LOG] 📌 Last known lt: 35820187000003
[2025-06-18T02:57:22.428Z] [LOG] 👛 Admin wallet loaded: EQBfJH9a8I9C8eU0iu9wRkcWBmNtUZmJzeHGi1IcCTaoHfZr
[2025-06-18T02:57:22.428Z] [LOG] 🏪 PigShop contract opened at: EQBoYAWAd5Wjzij1fX1iLw9mfRhwutNzsHX6rG7TB6qk3o_P
[2025-06-18T02:57:22.642Z] [LOG] ⚠️ No new transactions found
[2025-06-18T02:57:24.642Z] [LOG] ➡️ Starting to catch PigShop events
[2025-06-18T02:57:24.642Z] [LOG] 🔍 Listen address: EQBoYAWAd5Wjzij1fX1iLw9mfRhwutNzsHX6rG7TB6qk3o_P
[2025-06-18T02:57:24.642Z] [LOG] 📌 Last known lt: 35820187000003
[2025-06-18T02:57:24.642Z] [LOG] 📌 Last known lt: 35820187000003
[2025-06-18T02:57:24.716Z] [LOG] 👛 Admin wallet loaded: EQBfJH9a8I9C8eU0iu9wRkcWBmNtUZmJzeHGi1IcCTaoHfZr
[2025-06-18T02:57:24.716Z] [LOG] 🏪 PigShop contract opened at: EQBoYAWAd5Wjzij1fX1iLw9mfRhwutNzsHX6rG7TB6qk3o_P
[2025-06-18T02:57:24.886Z] [LOG] ⚠️ No new transactions found
[2025-06-18T02:57:26.887Z] [LOG] ➡️ Starting to catch PigShop events
[2025-06-18T02:57:26.887Z] [LOG] 🔍 Listen address: EQBoYAWAd5Wjzij1fX1iLw9mfRhwutNzsHX6rG7TB6qk3o_P
[2025-06-18T02:57:26.887Z] [LOG] 📌 Last known lt: 35820187000003
[2025-06-18T02:57:26.887Z] [LOG] 📌 Last known lt: 35820187000003
[2025-06-18T02:57:26.960Z] [LOG] 👛 Admin wallet loaded: EQBfJH9a8I9C8eU0iu9wRkcWBmNtUZmJzeHGi1IcCTaoHfZr
[2025-06-18T02:57:26.960Z] [LOG] 🏪 PigShop contract opened at: EQBoYAWAd5Wjzij1fX1iLw9mfRhwutNzsHX6rG7TB6qk3o_P
[2025-06-18T02:57:27.139Z] [LOG] ⚠️ No new transactions found
[2025-06-18T02:57:29.140Z] [LOG] ➡️ Starting to catch PigShop events
[2025-06-18T02:57:29.140Z] [LOG] 🔍 Listen address: EQBoYAWAd5Wjzij1fX1iLw9mfRhwutNzsHX6rG7TB6qk3o_P
[2025-06-18T02:57:29.140Z] [LOG] 📌 Last known lt: 35820187000003
[2025-06-18T02:57:29.140Z] [LOG] 📌 Last known lt: 35820187000003
[2025-06-18T02:57:29.219Z] [LOG] 👛 Admin wallet loaded: EQBfJH9a8I9C8eU0iu9wRkcWBmNtUZmJzeHGi1IcCTaoHfZr
[2025-06-18T02:57:29.219Z] [LOG] 🏪 PigShop contract opened at: EQBoYAWAd5Wjzij1fX1iLw9mfRhwutNzsHX6rG7TB6qk3o_P
[2025-06-18T02:57:29.390Z] [LOG] ⚠️ No new transactions found
[2025-06-18T02:57:31.391Z] [LOG] ➡️ Starting to catch PigShop events
[2025-06-18T02:57:31.391Z] [LOG] 🔍 Listen address: EQBoYAWAd5Wjzij1fX1iLw9mfRhwutNzsHX6rG7TB6qk3o_P
[2025-06-18T02:57:31.391Z] [LOG] 📌 Last known lt: 35820187000003
[2025-06-18T02:57:31.391Z] [LOG] 📌 Last known lt: 35820187000003
[2025-06-18T02:57:31.460Z] [LOG] 👛 Admin wallet loaded: EQBfJH9a8I9C8eU0iu9wRkcWBmNtUZmJzeHGi1IcCTaoHfZr
[2025-06-18T02:57:31.460Z] [LOG] 🏪 PigShop contract opened at: EQBoYAWAd5Wjzij1fX1iLw9mfRhwutNzsHX6rG7TB6qk3o_P
[2025-06-18T02:57:31.723Z] [LOG] ⚠️ No new transactions found
[2025-06-18T02:57:33.723Z] [LOG] ➡️ Starting to catch PigShop events
[2025-06-18T02:57:33.724Z] [LOG] 🔍 Listen address: EQBoYAWAd5Wjzij1fX1iLw9mfRhwutNzsHX6rG7TB6qk3o_P
[2025-06-18T02:57:33.724Z] [LOG] 📌 Last known lt: 35820187000003
[2025-06-18T02:57:33.724Z] [LOG] 📌 Last known lt: 35820187000003
[2025-06-18T02:57:33.806Z] [LOG] 👛 Admin wallet loaded: EQBfJH9a8I9C8eU0iu9wRkcWBmNtUZmJzeHGi1IcCTaoHfZr
[2025-06-18T02:57:33.806Z] [LOG] 🏪 PigShop contract opened at: EQBoYAWAd5Wjzij1fX1iLw9mfRhwutNzsHX6rG7TB6qk3o_P
[2025-06-18T02:57:34.076Z] [LOG] ⚠️ No new transactions found
[2025-06-18T02:57:36.076Z] [LOG] ➡️ Starting to catch PigShop events
[2025-06-18T02:57:36.077Z] [LOG] 🔍 Listen address: EQBoYAWAd5Wjzij1fX1iLw9mfRhwutNzsHX6rG7TB6qk3o_P
[2025-06-18T02:57:36.077Z] [LOG] 📌 Last known lt: 35820187000003
[2025-06-18T02:57:36.077Z] [LOG] 📌 Last known lt: 35820187000003
[2025-06-18T02:57:36.140Z] [LOG] 👛 Admin wallet loaded: EQBfJH9a8I9C8eU0iu9wRkcWBmNtUZmJzeHGi1IcCTaoHfZr
[2025-06-18T02:57:36.140Z] [LOG] 🏪 PigShop contract opened at: EQBoYAWAd5Wjzij1fX1iLw9mfRhwutNzsHX6rG7TB6qk3o_P
[2025-06-18T02:57:36.310Z] [LOG] ⚠️ No new transactions found
[2025-06-18T02:57:38.310Z] [LOG] ➡️ Starting to catch PigShop events
[2025-06-18T02:57:38.311Z] [LOG] 🔍 Listen address: EQBoYAWAd5Wjzij1fX1iLw9mfRhwutNzsHX6rG7TB6qk3o_P
[2025-06-18T02:57:38.311Z] [LOG] 📌 Last known lt: 35820187000003
[2025-06-18T02:57:38.311Z] [LOG] 📌 Last known lt: 35820187000003
[2025-06-18T02:57:38.382Z] [LOG] 👛 Admin wallet loaded: EQBfJH9a8I9C8eU0iu9wRkcWBmNtUZmJzeHGi1IcCTaoHfZr
[2025-06-18T02:57:38.382Z] [LOG] 🏪 PigShop contract opened at: EQBoYAWAd5Wjzij1fX1iLw9mfRhwutNzsHX6rG7TB6qk3o_P
[2025-06-18T02:57:38.582Z] [LOG] ⚠️ No new transactions found
[2025-06-18T02:57:40.589Z] [LOG] ➡️ Starting to catch PigShop events
[2025-06-18T02:57:40.589Z] [LOG] 🔍 Listen address: EQBoYAWAd5Wjzij1fX1iLw9mfRhwutNzsHX6rG7TB6qk3o_P
[2025-06-18T02:57:40.589Z] [LOG] 📌 Last known lt: 35820187000003
[2025-06-18T02:57:40.589Z] [LOG] 📌 Last known lt: 35820187000003
[2025-06-18T02:57:40.697Z] [LOG] 👛 Admin wallet loaded: EQBfJH9a8I9C8eU0iu9wRkcWBmNtUZmJzeHGi1IcCTaoHfZr
[2025-06-18T02:57:40.697Z] [LOG] 🏪 PigShop contract opened at: EQBoYAWAd5Wjzij1fX1iLw9mfRhwutNzsHX6rG7TB6qk3o_P
[2025-06-18T02:57:40.873Z] [LOG] ⚠️ No new transactions found
[2025-06-18T02:57:42.874Z] [LOG] ➡️ Starting to catch PigShop events
[2025-06-18T02:57:42.874Z] [LOG] 🔍 Listen address: EQBoYAWAd5Wjzij1fX1iLw9mfRhwutNzsHX6rG7TB6qk3o_P
[2025-06-18T02:57:42.874Z] [LOG] 📌 Last known lt: 35820187000003
[2025-06-18T02:57:42.874Z] [LOG] 📌 Last known lt: 35820187000003
[2025-06-18T02:57:42.950Z] [LOG] 👛 Admin wallet loaded: EQBfJH9a8I9C8eU0iu9wRkcWBmNtUZmJzeHGi1IcCTaoHfZr
[2025-06-18T02:57:42.950Z] [LOG] 🏪 PigShop contract opened at: EQBoYAWAd5Wjzij1fX1iLw9mfRhwutNzsHX6rG7TB6qk3o_P
[2025-06-18T02:57:43.191Z] [LOG] ⚠️ No new transactions found
[2025-06-18T02:57:45.192Z] [LOG] ➡️ Starting to catch PigShop events
[2025-06-18T02:57:45.193Z] [LOG] 🔍 Listen address: EQBoYAWAd5Wjzij1fX1iLw9mfRhwutNzsHX6rG7TB6qk3o_P
[2025-06-18T02:57:45.193Z] [LOG] 📌 Last known lt: 35820187000003
[2025-06-18T02:57:45.193Z] [LOG] 📌 Last known lt: 35820187000003
[2025-06-18T02:57:45.271Z] [LOG] 👛 Admin wallet loaded: EQBfJH9a8I9C8eU0iu9wRkcWBmNtUZmJzeHGi1IcCTaoHfZr
[2025-06-18T02:57:45.271Z] [LOG] 🏪 PigShop contract opened at: EQBoYAWAd5Wjzij1fX1iLw9mfRhwutNzsHX6rG7TB6qk3o_P
[2025-06-18T02:57:45.544Z] [LOG] ⚠️ No new transactions found
[2025-06-18T02:57:47.544Z] [LOG] ➡️ Starting to catch PigShop events
[2025-06-18T02:57:47.545Z] [LOG] 🔍 Listen address: EQBoYAWAd5Wjzij1fX1iLw9mfRhwutNzsHX6rG7TB6qk3o_P
[2025-06-18T02:57:47.545Z] [LOG] 📌 Last known lt: 35820187000003
[2025-06-18T02:57:47.545Z] [LOG] 📌 Last known lt: 35820187000003
[2025-06-18T02:57:47.610Z] [LOG] 👛 Admin wallet loaded: EQBfJH9a8I9C8eU0iu9wRkcWBmNtUZmJzeHGi1IcCTaoHfZr
[2025-06-18T02:57:47.610Z] [LOG] 🏪 PigShop contract opened at: EQBoYAWAd5Wjzij1fX1iLw9mfRhwutNzsHX6rG7TB6qk3o_P
[2025-06-18T02:57:47.783Z] [LOG] ⚠️ No new transactions found
[2025-06-18T02:57:49.784Z] [LOG] ➡️ Starting to catch PigShop events
[2025-06-18T02:57:49.784Z] [LOG] 🔍 Listen address: EQBoYAWAd5Wjzij1fX1iLw9mfRhwutNzsHX6rG7TB6qk3o_P
[2025-06-18T02:57:49.784Z] [LOG] 📌 Last known lt: 35820187000003
[2025-06-18T02:57:49.784Z] [LOG] 📌 Last known lt: 35820187000003
[2025-06-18T02:57:49.861Z] [LOG] 👛 Admin wallet loaded: EQBfJH9a8I9C8eU0iu9wRkcWBmNtUZmJzeHGi1IcCTaoHfZr
[2025-06-18T02:57:49.861Z] [LOG] 🏪 PigShop contract opened at: EQBoYAWAd5Wjzij1fX1iLw9mfRhwutNzsHX6rG7TB6qk3o_P
[2025-06-18T02:57:50.049Z] [LOG] ⚠️ No new transactions found
[2025-06-18T02:57:52.049Z] [LOG] ➡️ Starting to catch PigShop events
[2025-06-18T02:57:52.049Z] [LOG] 🔍 Listen address: EQBoYAWAd5Wjzij1fX1iLw9mfRhwutNzsHX6rG7TB6qk3o_P
[2025-06-18T02:57:52.049Z] [LOG] 📌 Last known lt: 35820187000003
[2025-06-18T02:57:52.049Z] [LOG] 📌 Last known lt: 35820187000003
[2025-06-18T02:57:52.812Z] [LOG] 👛 Admin wallet loaded: EQBfJH9a8I9C8eU0iu9wRkcWBmNtUZmJzeHGi1IcCTaoHfZr
[2025-06-18T02:57:52.813Z] [LOG] 🏪 PigShop contract opened at: EQBoYAWAd5Wjzij1fX1iLw9mfRhwutNzsHX6rG7TB6qk3o_P
[2025-06-18T02:57:52.998Z] [LOG] ⚠️ No new transactions found
[2025-06-18T02:57:54.999Z] [LOG] ➡️ Starting to catch PigShop events
[2025-06-18T02:57:55.000Z] [LOG] 🔍 Listen address: EQBoYAWAd5Wjzij1fX1iLw9mfRhwutNzsHX6rG7TB6qk3o_P
[2025-06-18T02:57:55.000Z] [LOG] 📌 Last known lt: 35820187000003
[2025-06-18T02:57:55.000Z] [LOG] 📌 Last known lt: 35820187000003
[2025-06-18T02:57:55.083Z] [LOG] 👛 Admin wallet loaded: EQBfJH9a8I9C8eU0iu9wRkcWBmNtUZmJzeHGi1IcCTaoHfZr
[2025-06-18T02:57:55.083Z] [LOG] 🏪 PigShop contract opened at: EQBoYAWAd5Wjzij1fX1iLw9mfRhwutNzsHX6rG7TB6qk3o_P
[2025-06-18T02:57:55.257Z] [LOG] ⚠️ No new transactions found
[2025-06-18T02:57:57.258Z] [LOG] ➡️ Starting to catch PigShop events
[2025-06-18T02:57:57.258Z] [LOG] 🔍 Listen address: EQBoYAWAd5Wjzij1fX1iLw9mfRhwutNzsHX6rG7TB6qk3o_P
[2025-06-18T02:57:57.258Z] [LOG] 📌 Last known lt: 35820187000003
[2025-06-18T02:57:57.258Z] [LOG] 📌 Last known lt: 35820187000003
[2025-06-18T02:57:57.345Z] [LOG] 👛 Admin wallet loaded: EQBfJH9a8I9C8eU0iu9wRkcWBmNtUZmJzeHGi1IcCTaoHfZr
[2025-06-18T02:57:57.346Z] [LOG] 🏪 PigShop contract opened at: EQBoYAWAd5Wjzij1fX1iLw9mfRhwutNzsHX6rG7TB6qk3o_P
[2025-06-18T02:57:57.516Z] [LOG] ⚠️ No new transactions found
[2025-06-18T02:57:59.517Z] [LOG] ➡️ Starting to catch PigShop events
[2025-06-18T02:57:59.518Z] [LOG] 🔍 Listen address: EQBoYAWAd5Wjzij1fX1iLw9mfRhwutNzsHX6rG7TB6qk3o_P
[2025-06-18T02:57:59.518Z] [LOG] 📌 Last known lt: 35820187000003
[2025-06-18T02:57:59.518Z] [LOG] 📌 Last known lt: 35820187000003
[2025-06-18T02:57:59.602Z] [LOG] 👛 Admin wallet loaded: EQBfJH9a8I9C8eU0iu9wRkcWBmNtUZmJzeHGi1IcCTaoHfZr
[2025-06-18T02:57:59.602Z] [LOG] 🏪 PigShop contract opened at: EQBoYAWAd5Wjzij1fX1iLw9mfRhwutNzsHX6rG7TB6qk3o_P
[2025-06-18T02:57:59.777Z] [LOG] ⚠️ No new transactions found
[2025-06-18T02:58:01.778Z] [LOG] ➡️ Starting to catch PigShop events
[2025-06-18T02:58:01.778Z] [LOG] 🔍 Listen address: EQBoYAWAd5Wjzij1fX1iLw9mfRhwutNzsHX6rG7TB6qk3o_P
[2025-06-18T02:58:01.778Z] [LOG] 📌 Last known lt: 35820187000003
[2025-06-18T02:58:01.778Z] [LOG] 📌 Last known lt: 35820187000003
[2025-06-18T02:58:01.859Z] [LOG] 👛 Admin wallet loaded: EQBfJH9a8I9C8eU0iu9wRkcWBmNtUZmJzeHGi1IcCTaoHfZr
[2025-06-18T02:58:01.860Z] [LOG] 🏪 PigShop contract opened at: EQBoYAWAd5Wjzij1fX1iLw9mfRhwutNzsHX6rG7TB6qk3o_P
[2025-06-18T02:58:02.030Z] [LOG] ⚠️ No new transactions found
[2025-06-18T02:58:04.030Z] [LOG] ➡️ Starting to catch PigShop events
[2025-06-18T02:58:04.030Z] [LOG] 🔍 Listen address: EQBoYAWAd5Wjzij1fX1iLw9mfRhwutNzsHX6rG7TB6qk3o_P
[2025-06-18T02:58:04.030Z] [LOG] 📌 Last known lt: 35820187000003
[2025-06-18T02:58:04.030Z] [LOG] 📌 Last known lt: 35820187000003
[2025-06-18T02:58:04.107Z] [LOG] 👛 Admin wallet loaded: EQBfJH9a8I9C8eU0iu9wRkcWBmNtUZmJzeHGi1IcCTaoHfZr
[2025-06-18T02:58:04.108Z] [LOG] 🏪 PigShop contract opened at: EQBoYAWAd5Wjzij1fX1iLw9mfRhwutNzsHX6rG7TB6qk3o_P
[2025-06-18T02:58:04.387Z] [LOG] ⚠️ No new transactions found
[2025-06-18T02:58:06.387Z] [LOG] ➡️ Starting to catch PigShop events
[2025-06-18T02:58:06.387Z] [LOG] 🔍 Listen address: EQBoYAWAd5Wjzij1fX1iLw9mfRhwutNzsHX6rG7TB6qk3o_P
[2025-06-18T02:58:06.387Z] [LOG] 📌 Last known lt: 35820187000003
[2025-06-18T02:58:06.387Z] [LOG] 📌 Last known lt: 35820187000003
[2025-06-18T02:58:06.469Z] [LOG] 👛 Admin wallet loaded: EQBfJH9a8I9C8eU0iu9wRkcWBmNtUZmJzeHGi1IcCTaoHfZr
[2025-06-18T02:58:06.469Z] [LOG] 🏪 PigShop contract opened at: EQBoYAWAd5Wjzij1fX1iLw9mfRhwutNzsHX6rG7TB6qk3o_P
[2025-06-18T02:58:06.650Z] [LOG] ⚠️ No new transactions found
[2025-06-18T02:58:08.651Z] [LOG] ➡️ Starting to catch PigShop events
[2025-06-18T02:58:08.651Z] [LOG] 🔍 Listen address: EQBoYAWAd5Wjzij1fX1iLw9mfRhwutNzsHX6rG7TB6qk3o_P
[2025-06-18T02:58:08.652Z] [LOG] 📌 Last known lt: 35820187000003
[2025-06-18T02:58:08.652Z] [LOG] 📌 Last known lt: 35820187000003
[2025-06-18T02:58:08.738Z] [LOG] 👛 Admin wallet loaded: EQBfJH9a8I9C8eU0iu9wRkcWBmNtUZmJzeHGi1IcCTaoHfZr
[2025-06-18T02:58:08.738Z] [LOG] 🏪 PigShop contract opened at: EQBoYAWAd5Wjzij1fX1iLw9mfRhwutNzsHX6rG7TB6qk3o_P
[2025-06-18T02:58:08.999Z] [LOG] ⚠️ No new transactions found
[2025-06-18T02:58:11.000Z] [LOG] ➡️ Starting to catch PigShop events
[2025-06-18T02:58:11.000Z] [LOG] 🔍 Listen address: EQBoYAWAd5Wjzij1fX1iLw9mfRhwutNzsHX6rG7TB6qk3o_P
[2025-06-18T02:58:11.000Z] [LOG] 📌 Last known lt: 35820187000003
[2025-06-18T02:58:11.000Z] [LOG] 📌 Last known lt: 35820187000003
[2025-06-18T02:58:11.085Z] [LOG] 👛 Admin wallet loaded: EQBfJH9a8I9C8eU0iu9wRkcWBmNtUZmJzeHGi1IcCTaoHfZr
[2025-06-18T02:58:11.085Z] [LOG] 🏪 PigShop contract opened at: EQBoYAWAd5Wjzij1fX1iLw9mfRhwutNzsHX6rG7TB6qk3o_P
[2025-06-18T02:58:11.350Z] [LOG] ⚠️ No new transactions found
[2025-06-18T02:58:13.351Z] [LOG] ➡️ Starting to catch PigShop events
[2025-06-18T02:58:13.351Z] [LOG] 🔍 Listen address: EQBoYAWAd5Wjzij1fX1iLw9mfRhwutNzsHX6rG7TB6qk3o_P
[2025-06-18T02:58:13.351Z] [LOG] 📌 Last known lt: 35820187000003
[2025-06-18T02:58:13.351Z] [LOG] 📌 Last known lt: 35820187000003
[2025-06-18T02:58:13.427Z] [LOG] 👛 Admin wallet loaded: EQBfJH9a8I9C8eU0iu9wRkcWBmNtUZmJzeHGi1IcCTaoHfZr
[2025-06-18T02:58:13.427Z] [LOG] 🏪 PigShop contract opened at: EQBoYAWAd5Wjzij1fX1iLw9mfRhwutNzsHX6rG7TB6qk3o_P
[2025-06-18T02:58:13.645Z] [LOG] ⚠️ No new transactions found
[2025-06-18T02:58:15.645Z] [LOG] ➡️ Starting to catch PigShop events
[2025-06-18T02:58:15.646Z] [LOG] 🔍 Listen address: EQBoYAWAd5Wjzij1fX1iLw9mfRhwutNzsHX6rG7TB6qk3o_P
[2025-06-18T02:58:15.646Z] [LOG] 📌 Last known lt: 35820187000003
[2025-06-18T02:58:15.646Z] [LOG] 📌 Last known lt: 35820187000003
[2025-06-18T02:58:15.720Z] [LOG] 👛 Admin wallet loaded: EQBfJH9a8I9C8eU0iu9wRkcWBmNtUZmJzeHGi1IcCTaoHfZr
[2025-06-18T02:58:15.720Z] [LOG] 🏪 PigShop contract opened at: EQBoYAWAd5Wjzij1fX1iLw9mfRhwutNzsHX6rG7TB6qk3o_P
[2025-06-18T02:58:15.959Z] [LOG] ⚠️ No new transactions found
[2025-06-18T02:58:17.959Z] [LOG] ➡️ Starting to catch PigShop events
[2025-06-18T02:58:17.959Z] [LOG] 🔍 Listen address: EQBoYAWAd5Wjzij1fX1iLw9mfRhwutNzsHX6rG7TB6qk3o_P
[2025-06-18T02:58:17.959Z] [LOG] 📌 Last known lt: 35820187000003
[2025-06-18T02:58:17.959Z] [LOG] 📌 Last known lt: 35820187000003
[2025-06-18T02:58:18.052Z] [LOG] 👛 Admin wallet loaded: EQBfJH9a8I9C8eU0iu9wRkcWBmNtUZmJzeHGi1IcCTaoHfZr
[2025-06-18T02:58:18.052Z] [LOG] 🏪 PigShop contract opened at: EQBoYAWAd5Wjzij1fX1iLw9mfRhwutNzsHX6rG7TB6qk3o_P
[2025-06-18T02:58:18.226Z] [LOG] ⚠️ No new transactions found
[2025-06-18T02:58:20.227Z] [LOG] ➡️ Starting to catch PigShop events
[2025-06-18T02:58:20.227Z] [LOG] 🔍 Listen address: EQBoYAWAd5Wjzij1fX1iLw9mfRhwutNzsHX6rG7TB6qk3o_P
[2025-06-18T02:58:20.227Z] [LOG] 📌 Last known lt: 35820187000003
[2025-06-18T02:58:20.227Z] [LOG] 📌 Last known lt: 35820187000003
[2025-06-18T02:58:20.309Z] [LOG] 👛 Admin wallet loaded: EQBfJH9a8I9C8eU0iu9wRkcWBmNtUZmJzeHGi1IcCTaoHfZr
[2025-06-18T02:58:20.309Z] [LOG] 🏪 PigShop contract opened at: EQBoYAWAd5Wjzij1fX1iLw9mfRhwutNzsHX6rG7TB6qk3o_P
[2025-06-18T02:58:20.668Z] [LOG] ⚠️ No new transactions found
[2025-06-18T02:58:22.668Z] [LOG] ➡️ Starting to catch PigShop events
[2025-06-18T02:58:22.669Z] [LOG] 🔍 Listen address: EQBoYAWAd5Wjzij1fX1iLw9mfRhwutNzsHX6rG7TB6qk3o_P
[2025-06-18T02:58:22.669Z] [LOG] 📌 Last known lt: 35820187000003
[2025-06-18T02:58:22.669Z] [LOG] 📌 Last known lt: 35820187000003
[2025-06-18T02:58:22.747Z] [LOG] 👛 Admin wallet loaded: EQBfJH9a8I9C8eU0iu9wRkcWBmNtUZmJzeHGi1IcCTaoHfZr
[2025-06-18T02:58:22.747Z] [LOG] 🏪 PigShop contract opened at: EQBoYAWAd5Wjzij1fX1iLw9mfRhwutNzsHX6rG7TB6qk3o_P
[2025-06-18T02:58:23.024Z] [LOG] ⚠️ No new transactions found
[2025-06-18T02:58:25.025Z] [LOG] ➡️ Starting to catch PigShop events
[2025-06-18T02:58:25.025Z] [LOG] 🔍 Listen address: EQBoYAWAd5Wjzij1fX1iLw9mfRhwutNzsHX6rG7TB6qk3o_P
[2025-06-18T02:58:25.025Z] [LOG] 📌 Last known lt: 35820187000003
[2025-06-18T02:58:25.025Z] [LOG] 📌 Last known lt: 35820187000003
[2025-06-18T02:58:25.104Z] [LOG] 👛 Admin wallet loaded: EQBfJH9a8I9C8eU0iu9wRkcWBmNtUZmJzeHGi1IcCTaoHfZr
[2025-06-18T02:58:25.105Z] [LOG] 🏪 PigShop contract opened at: EQBoYAWAd5Wjzij1fX1iLw9mfRhwutNzsHX6rG7TB6qk3o_P
[2025-06-18T02:58:25.378Z] [LOG] ⚠️ No new transactions found
[2025-06-18T02:58:27.379Z] [LOG] ➡️ Starting to catch PigShop events
[2025-06-18T02:58:27.380Z] [LOG] 🔍 Listen address: EQBoYAWAd5Wjzij1fX1iLw9mfRhwutNzsHX6rG7TB6qk3o_P
[2025-06-18T02:58:27.380Z] [LOG] 📌 Last known lt: 35820187000003
[2025-06-18T02:58:27.380Z] [LOG] 📌 Last known lt: 35820187000003
[2025-06-18T02:58:27.456Z] [LOG] 👛 Admin wallet loaded: EQBfJH9a8I9C8eU0iu9wRkcWBmNtUZmJzeHGi1IcCTaoHfZr
[2025-06-18T02:58:27.456Z] [LOG] 🏪 PigShop contract opened at: EQBoYAWAd5Wjzij1fX1iLw9mfRhwutNzsHX6rG7TB6qk3o_P
[2025-06-18T02:58:27.627Z] [LOG] ⚠️ No new transactions found
[2025-06-18T02:58:29.627Z] [LOG] ➡️ Starting to catch PigShop events
[2025-06-18T02:58:29.627Z] [LOG] 🔍 Listen address: EQBoYAWAd5Wjzij1fX1iLw9mfRhwutNzsHX6rG7TB6qk3o_P
[2025-06-18T02:58:29.627Z] [LOG] 📌 Last known lt: 35820187000003
[2025-06-18T02:58:29.627Z] [LOG] 📌 Last known lt: 35820187000003
[2025-06-18T02:58:29.714Z] [LOG] 👛 Admin wallet loaded: EQBfJH9a8I9C8eU0iu9wRkcWBmNtUZmJzeHGi1IcCTaoHfZr
[2025-06-18T02:58:29.714Z] [LOG] 🏪 PigShop contract opened at: EQBoYAWAd5Wjzij1fX1iLw9mfRhwutNzsHX6rG7TB6qk3o_P
[2025-06-18T02:58:29.886Z] [LOG] ⚠️ No new transactions found
[2025-06-18T02:58:31.886Z] [LOG] ➡️ Starting to catch PigShop events
[2025-06-18T02:58:31.886Z] [LOG] 🔍 Listen address: EQBoYAWAd5Wjzij1fX1iLw9mfRhwutNzsHX6rG7TB6qk3o_P
[2025-06-18T02:58:31.886Z] [LOG] 📌 Last known lt: 35820187000003
[2025-06-18T02:58:31.886Z] [LOG] 📌 Last known lt: 35820187000003
[2025-06-18T02:58:31.961Z] [LOG] 👛 Admin wallet loaded: EQBfJH9a8I9C8eU0iu9wRkcWBmNtUZmJzeHGi1IcCTaoHfZr
[2025-06-18T02:58:31.961Z] [LOG] 🏪 PigShop contract opened at: EQBoYAWAd5Wjzij1fX1iLw9mfRhwutNzsHX6rG7TB6qk3o_P
[2025-06-18T02:58:32.136Z] [LOG] ⚠️ No new transactions found
[2025-06-18T02:58:34.137Z] [LOG] ➡️ Starting to catch PigShop events
[2025-06-18T02:58:34.137Z] [LOG] 🔍 Listen address: EQBoYAWAd5Wjzij1fX1iLw9mfRhwutNzsHX6rG7TB6qk3o_P
[2025-06-18T02:58:34.137Z] [LOG] 📌 Last known lt: 35820187000003
[2025-06-18T02:58:34.137Z] [LOG] 📌 Last known lt: 35820187000003
[2025-06-18T02:58:34.208Z] [LOG] 👛 Admin wallet loaded: EQBfJH9a8I9C8eU0iu9wRkcWBmNtUZmJzeHGi1IcCTaoHfZr
[2025-06-18T02:58:34.208Z] [LOG] 🏪 PigShop contract opened at: EQBoYAWAd5Wjzij1fX1iLw9mfRhwutNzsHX6rG7TB6qk3o_P
[2025-06-18T02:58:34.380Z] [LOG] ⚠️ No new transactions found
[2025-06-18T02:58:36.381Z] [LOG] ➡️ Starting to catch PigShop events
[2025-06-18T02:58:36.381Z] [LOG] 🔍 Listen address: EQBoYAWAd5Wjzij1fX1iLw9mfRhwutNzsHX6rG7TB6qk3o_P
[2025-06-18T02:58:36.381Z] [LOG] 📌 Last known lt: 35820187000003
[2025-06-18T02:58:36.381Z] [LOG] 📌 Last known lt: 35820187000003
[2025-06-18T02:58:36.466Z] [LOG] 👛 Admin wallet loaded: EQBfJH9a8I9C8eU0iu9wRkcWBmNtUZmJzeHGi1IcCTaoHfZr
[2025-06-18T02:58:36.466Z] [LOG] 🏪 PigShop contract opened at: EQBoYAWAd5Wjzij1fX1iLw9mfRhwutNzsHX6rG7TB6qk3o_P
[2025-06-18T02:58:36.635Z] [LOG] ⚠️ No new transactions found
[2025-06-18T02:58:38.636Z] [LOG] ➡️ Starting to catch PigShop events
[2025-06-18T02:58:38.636Z] [LOG] 🔍 Listen address: EQBoYAWAd5Wjzij1fX1iLw9mfRhwutNzsHX6rG7TB6qk3o_P
[2025-06-18T02:58:38.636Z] [LOG] 📌 Last known lt: 35820187000003
[2025-06-18T02:58:38.636Z] [LOG] 📌 Last known lt: 35820187000003
[2025-06-18T02:58:38.720Z] [LOG] 👛 Admin wallet loaded: EQBfJH9a8I9C8eU0iu9wRkcWBmNtUZmJzeHGi1IcCTaoHfZr
[2025-06-18T02:58:38.720Z] [LOG] 🏪 PigShop contract opened at: EQBoYAWAd5Wjzij1fX1iLw9mfRhwutNzsHX6rG7TB6qk3o_P
[2025-06-18T02:58:38.888Z] [LOG] ⚠️ No new transactions found
[2025-06-18T02:58:40.889Z] [LOG] ➡️ Starting to catch PigShop events
[2025-06-18T02:58:40.889Z] [LOG] 🔍 Listen address: EQBoYAWAd5Wjzij1fX1iLw9mfRhwutNzsHX6rG7TB6qk3o_P
[2025-06-18T02:58:40.889Z] [LOG] 📌 Last known lt: 35820187000003
[2025-06-18T02:58:40.889Z] [LOG] 📌 Last known lt: 35820187000003
[2025-06-18T02:58:40.960Z] [LOG] 👛 Admin wallet loaded: EQBfJH9a8I9C8eU0iu9wRkcWBmNtUZmJzeHGi1IcCTaoHfZr
[2025-06-18T02:58:40.960Z] [LOG] 🏪 PigShop contract opened at: EQBoYAWAd5Wjzij1fX1iLw9mfRhwutNzsHX6rG7TB6qk3o_P
[2025-06-18T02:58:41.134Z] [LOG] ⚠️ No new transactions found
[2025-06-18T02:58:43.135Z] [LOG] ➡️ Starting to catch PigShop events
[2025-06-18T02:58:43.135Z] [LOG] 🔍 Listen address: EQBoYAWAd5Wjzij1fX1iLw9mfRhwutNzsHX6rG7TB6qk3o_P
[2025-06-18T02:58:43.135Z] [LOG] 📌 Last known lt: 35820187000003
[2025-06-18T02:58:43.135Z] [LOG] 📌 Last known lt: 35820187000003
[2025-06-18T02:58:43.207Z] [LOG] 👛 Admin wallet loaded: EQBfJH9a8I9C8eU0iu9wRkcWBmNtUZmJzeHGi1IcCTaoHfZr
[2025-06-18T02:58:43.207Z] [LOG] 🏪 PigShop contract opened at: EQBoYAWAd5Wjzij1fX1iLw9mfRhwutNzsHX6rG7TB6qk3o_P
[2025-06-18T02:58:43.375Z] [LOG] ⚠️ No new transactions found
[2025-06-18T02:58:45.376Z] [LOG] ➡️ Starting to catch PigShop events
[2025-06-18T02:58:45.376Z] [LOG] 🔍 Listen address: EQBoYAWAd5Wjzij1fX1iLw9mfRhwutNzsHX6rG7TB6qk3o_P
[2025-06-18T02:58:45.376Z] [LOG] 📌 Last known lt: 35820187000003
[2025-06-18T02:58:45.376Z] [LOG] 📌 Last known lt: 35820187000003
[2025-06-18T02:58:45.452Z] [LOG] 👛 Admin wallet loaded: EQBfJH9a8I9C8eU0iu9wRkcWBmNtUZmJzeHGi1IcCTaoHfZr
[2025-06-18T02:58:45.452Z] [LOG] 🏪 PigShop contract opened at: EQBoYAWAd5Wjzij1fX1iLw9mfRhwutNzsHX6rG7TB6qk3o_P
[2025-06-18T02:58:45.623Z] [LOG] ⚠️ No new transactions found
[2025-06-18T02:58:47.623Z] [LOG] ➡️ Starting to catch PigShop events
[2025-06-18T02:58:47.623Z] [LOG] 🔍 Listen address: EQBoYAWAd5Wjzij1fX1iLw9mfRhwutNzsHX6rG7TB6qk3o_P
[2025-06-18T02:58:47.623Z] [LOG] 📌 Last known lt: 35820187000003
[2025-06-18T02:58:47.623Z] [LOG] 📌 Last known lt: 35820187000003
[2025-06-18T02:58:47.703Z] [LOG] 👛 Admin wallet loaded: EQBfJH9a8I9C8eU0iu9wRkcWBmNtUZmJzeHGi1IcCTaoHfZr
[2025-06-18T02:58:47.703Z] [LOG] 🏪 PigShop contract opened at: EQBoYAWAd5Wjzij1fX1iLw9mfRhwutNzsHX6rG7TB6qk3o_P
[2025-06-18T02:58:47.869Z] [LOG] ⚠️ No new transactions found
[2025-06-18T02:58:49.870Z] [LOG] ➡️ Starting to catch PigShop events
[2025-06-18T02:58:49.870Z] [LOG] 🔍 Listen address: EQBoYAWAd5Wjzij1fX1iLw9mfRhwutNzsHX6rG7TB6qk3o_P
[2025-06-18T02:58:49.870Z] [LOG] 📌 Last known lt: 35820187000003
[2025-06-18T02:58:49.870Z] [LOG] 📌 Last known lt: 35820187000003
[2025-06-18T02:58:49.940Z] [LOG] 👛 Admin wallet loaded: EQBfJH9a8I9C8eU0iu9wRkcWBmNtUZmJzeHGi1IcCTaoHfZr
[2025-06-18T02:58:49.941Z] [LOG] 🏪 PigShop contract opened at: EQBoYAWAd5Wjzij1fX1iLw9mfRhwutNzsHX6rG7TB6qk3o_P
[2025-06-18T02:58:50.161Z] [LOG] ⚠️ No new transactions found
[2025-06-18T02:58:52.162Z] [LOG] ➡️ Starting to catch PigShop events
[2025-06-18T02:58:52.162Z] [LOG] 🔍 Listen address: EQBoYAWAd5Wjzij1fX1iLw9mfRhwutNzsHX6rG7TB6qk3o_P
[2025-06-18T02:58:52.162Z] [LOG] 📌 Last known lt: 35820187000003
[2025-06-18T02:58:52.162Z] [LOG] 📌 Last known lt: 35820187000003
[2025-06-18T02:58:52.240Z] [LOG] 👛 Admin wallet loaded: EQBfJH9a8I9C8eU0iu9wRkcWBmNtUZmJzeHGi1IcCTaoHfZr
[2025-06-18T02:58:52.240Z] [LOG] 🏪 PigShop contract opened at: EQBoYAWAd5Wjzij1fX1iLw9mfRhwutNzsHX6rG7TB6qk3o_P
[2025-06-18T02:58:52.419Z] [LOG] ⚠️ No new transactions found
[2025-06-18T02:58:54.419Z] [LOG] ➡️ Starting to catch PigShop events
[2025-06-18T02:58:54.419Z] [LOG] 🔍 Listen address: EQBoYAWAd5Wjzij1fX1iLw9mfRhwutNzsHX6rG7TB6qk3o_P
[2025-06-18T02:58:54.419Z] [LOG] 📌 Last known lt: 35820187000003
[2025-06-18T02:58:54.419Z] [LOG] 📌 Last known lt: 35820187000003
[2025-06-18T02:58:54.501Z] [LOG] 👛 Admin wallet loaded: EQBfJH9a8I9C8eU0iu9wRkcWBmNtUZmJzeHGi1IcCTaoHfZr
[2025-06-18T02:58:54.501Z] [LOG] 🏪 PigShop contract opened at: EQBoYAWAd5Wjzij1fX1iLw9mfRhwutNzsHX6rG7TB6qk3o_P
[2025-06-18T02:58:54.679Z] [LOG] ⚠️ No new transactions found
[2025-06-18T02:58:56.680Z] [LOG] ➡️ Starting to catch PigShop events
[2025-06-18T02:58:56.680Z] [LOG] 🔍 Listen address: EQBoYAWAd5Wjzij1fX1iLw9mfRhwutNzsHX6rG7TB6qk3o_P
[2025-06-18T02:58:56.681Z] [LOG] 📌 Last known lt: 35820187000003
[2025-06-18T02:58:56.681Z] [LOG] 📌 Last known lt: 35820187000003
[2025-06-18T02:58:56.771Z] [LOG] 👛 Admin wallet loaded: EQBfJH9a8I9C8eU0iu9wRkcWBmNtUZmJzeHGi1IcCTaoHfZr
[2025-06-18T02:58:56.771Z] [LOG] 🏪 PigShop contract opened at: EQBoYAWAd5Wjzij1fX1iLw9mfRhwutNzsHX6rG7TB6qk3o_P
[2025-06-18T02:58:56.946Z] [LOG] ⚠️ No new transactions found
[2025-06-18T02:58:58.946Z] [LOG] ➡️ Starting to catch PigShop events
[2025-06-18T02:58:58.946Z] [LOG] 🔍 Listen address: EQBoYAWAd5Wjzij1fX1iLw9mfRhwutNzsHX6rG7TB6qk3o_P
[2025-06-18T02:58:58.946Z] [LOG] 📌 Last known lt: 35820187000003
[2025-06-18T02:58:58.947Z] [LOG] 📌 Last known lt: 35820187000003
[2025-06-18T02:58:59.015Z] [LOG] 👛 Admin wallet loaded: EQBfJH9a8I9C8eU0iu9wRkcWBmNtUZmJzeHGi1IcCTaoHfZr
[2025-06-18T02:58:59.015Z] [LOG] 🏪 PigShop contract opened at: EQBoYAWAd5Wjzij1fX1iLw9mfRhwutNzsHX6rG7TB6qk3o_P
[2025-06-18T02:58:59.186Z] [LOG] ⚠️ No new transactions found
[2025-06-18T02:59:01.187Z] [LOG] ➡️ Starting to catch PigShop events
[2025-06-18T02:59:01.187Z] [LOG] 🔍 Listen address: EQBoYAWAd5Wjzij1fX1iLw9mfRhwutNzsHX6rG7TB6qk3o_P
[2025-06-18T02:59:01.187Z] [LOG] 📌 Last known lt: 35820187000003
[2025-06-18T02:59:01.187Z] [LOG] 📌 Last known lt: 35820187000003
[2025-06-18T02:59:01.253Z] [LOG] 👛 Admin wallet loaded: EQBfJH9a8I9C8eU0iu9wRkcWBmNtUZmJzeHGi1IcCTaoHfZr
[2025-06-18T02:59:01.253Z] [LOG] 🏪 PigShop contract opened at: EQBoYAWAd5Wjzij1fX1iLw9mfRhwutNzsHX6rG7TB6qk3o_P
[2025-06-18T02:59:01.529Z] [LOG] ⚠️ No new transactions found
[2025-06-18T02:59:03.530Z] [LOG] ➡️ Starting to catch PigShop events
[2025-06-18T02:59:03.531Z] [LOG] 🔍 Listen address: EQBoYAWAd5Wjzij1fX1iLw9mfRhwutNzsHX6rG7TB6qk3o_P
[2025-06-18T02:59:03.531Z] [LOG] 📌 Last known lt: 35820187000003
[2025-06-18T02:59:03.531Z] [LOG] 📌 Last known lt: 35820187000003
[2025-06-18T02:59:03.601Z] [LOG] 👛 Admin wallet loaded: EQBfJH9a8I9C8eU0iu9wRkcWBmNtUZmJzeHGi1IcCTaoHfZr
[2025-06-18T02:59:03.601Z] [LOG] 🏪 PigShop contract opened at: EQBoYAWAd5Wjzij1fX1iLw9mfRhwutNzsHX6rG7TB6qk3o_P
[2025-06-18T02:59:03.770Z] [LOG] ⚠️ No new transactions found
[2025-06-18T02:59:05.770Z] [LOG] ➡️ Starting to catch PigShop events
[2025-06-18T02:59:05.770Z] [LOG] 🔍 Listen address: EQBoYAWAd5Wjzij1fX1iLw9mfRhwutNzsHX6rG7TB6qk3o_P
[2025-06-18T02:59:05.770Z] [LOG] 📌 Last known lt: 35820187000003
[2025-06-18T02:59:05.770Z] [LOG] 📌 Last known lt: 35820187000003
[2025-06-18T02:59:05.849Z] [LOG] 👛 Admin wallet loaded: EQBfJH9a8I9C8eU0iu9wRkcWBmNtUZmJzeHGi1IcCTaoHfZr
[2025-06-18T02:59:05.849Z] [LOG] 🏪 PigShop contract opened at: EQBoYAWAd5Wjzij1fX1iLw9mfRhwutNzsHX6rG7TB6qk3o_P
[2025-06-18T02:59:06.031Z] [LOG] ⚠️ No new transactions found
[2025-06-18T02:59:08.032Z] [LOG] ➡️ Starting to catch PigShop events
[2025-06-18T02:59:08.033Z] [LOG] 🔍 Listen address: EQBoYAWAd5Wjzij1fX1iLw9mfRhwutNzsHX6rG7TB6qk3o_P
[2025-06-18T02:59:08.033Z] [LOG] 📌 Last known lt: 35820187000003
[2025-06-18T02:59:08.033Z] [LOG] 📌 Last known lt: 35820187000003
[2025-06-18T02:59:08.114Z] [LOG] 👛 Admin wallet loaded: EQBfJH9a8I9C8eU0iu9wRkcWBmNtUZmJzeHGi1IcCTaoHfZr
[2025-06-18T02:59:08.114Z] [LOG] 🏪 PigShop contract opened at: EQBoYAWAd5Wjzij1fX1iLw9mfRhwutNzsHX6rG7TB6qk3o_P
[2025-06-18T02:59:08.283Z] [LOG] ⚠️ No new transactions found
[2025-06-18T02:59:10.284Z] [LOG] ➡️ Starting to catch PigShop events
[2025-06-18T02:59:10.284Z] [LOG] 🔍 Listen address: EQBoYAWAd5Wjzij1fX1iLw9mfRhwutNzsHX6rG7TB6qk3o_P
[2025-06-18T02:59:10.285Z] [LOG] 📌 Last known lt: 35820187000003
[2025-06-18T02:59:10.285Z] [LOG] 📌 Last known lt: 35820187000003
[2025-06-18T02:59:10.362Z] [LOG] 👛 Admin wallet loaded: EQBfJH9a8I9C8eU0iu9wRkcWBmNtUZmJzeHGi1IcCTaoHfZr
[2025-06-18T02:59:10.362Z] [LOG] 🏪 PigShop contract opened at: EQBoYAWAd5Wjzij1fX1iLw9mfRhwutNzsHX6rG7TB6qk3o_P
[2025-06-18T02:59:10.539Z] [LOG] ⚠️ No new transactions found
[2025-06-18T02:59:12.540Z] [LOG] ➡️ Starting to catch PigShop events
[2025-06-18T02:59:12.540Z] [LOG] 🔍 Listen address: EQBoYAWAd5Wjzij1fX1iLw9mfRhwutNzsHX6rG7TB6qk3o_P
[2025-06-18T02:59:12.540Z] [LOG] 📌 Last known lt: 35820187000003
[2025-06-18T02:59:12.540Z] [LOG] 📌 Last known lt: 35820187000003
[2025-06-18T02:59:12.611Z] [LOG] 👛 Admin wallet loaded: EQBfJH9a8I9C8eU0iu9wRkcWBmNtUZmJzeHGi1IcCTaoHfZr
[2025-06-18T02:59:12.611Z] [LOG] 🏪 PigShop contract opened at: EQBoYAWAd5Wjzij1fX1iLw9mfRhwutNzsHX6rG7TB6qk3o_P
[2025-06-18T02:59:12.894Z] [LOG] ⚠️ No new transactions found
[2025-06-18T02:59:14.895Z] [LOG] ➡️ Starting to catch PigShop events
[2025-06-18T02:59:14.895Z] [LOG] 🔍 Listen address: EQBoYAWAd5Wjzij1fX1iLw9mfRhwutNzsHX6rG7TB6qk3o_P
[2025-06-18T02:59:14.895Z] [LOG] 📌 Last known lt: 35820187000003
[2025-06-18T02:59:14.895Z] [LOG] 📌 Last known lt: 35820187000003
[2025-06-18T02:59:14.977Z] [LOG] 👛 Admin wallet loaded: EQBfJH9a8I9C8eU0iu9wRkcWBmNtUZmJzeHGi1IcCTaoHfZr
[2025-06-18T02:59:14.978Z] [LOG] 🏪 PigShop contract opened at: EQBoYAWAd5Wjzij1fX1iLw9mfRhwutNzsHX6rG7TB6qk3o_P
[2025-06-18T02:59:15.146Z] [LOG] ⚠️ No new transactions found
[2025-06-18T02:59:17.147Z] [LOG] ➡️ Starting to catch PigShop events
[2025-06-18T02:59:17.147Z] [LOG] 🔍 Listen address: EQBoYAWAd5Wjzij1fX1iLw9mfRhwutNzsHX6rG7TB6qk3o_P
[2025-06-18T02:59:17.147Z] [LOG] 📌 Last known lt: 35820187000003
[2025-06-18T02:59:17.147Z] [LOG] 📌 Last known lt: 35820187000003
[2025-06-18T02:59:17.216Z] [LOG] 👛 Admin wallet loaded: EQBfJH9a8I9C8eU0iu9wRkcWBmNtUZmJzeHGi1IcCTaoHfZr
[2025-06-18T02:59:17.216Z] [LOG] 🏪 PigShop contract opened at: EQBoYAWAd5Wjzij1fX1iLw9mfRhwutNzsHX6rG7TB6qk3o_P
[2025-06-18T02:59:17.400Z] [LOG] ⚠️ No new transactions found
[2025-06-18T02:59:19.400Z] [LOG] ➡️ Starting to catch PigShop events
[2025-06-18T02:59:19.400Z] [LOG] 🔍 Listen address: EQBoYAWAd5Wjzij1fX1iLw9mfRhwutNzsHX6rG7TB6qk3o_P
[2025-06-18T02:59:19.401Z] [LOG] 📌 Last known lt: 35820187000003
[2025-06-18T02:59:19.401Z] [LOG] 📌 Last known lt: 35820187000003
[2025-06-18T02:59:19.481Z] [LOG] 👛 Admin wallet loaded: EQBfJH9a8I9C8eU0iu9wRkcWBmNtUZmJzeHGi1IcCTaoHfZr
[2025-06-18T02:59:19.481Z] [LOG] 🏪 PigShop contract opened at: EQBoYAWAd5Wjzij1fX1iLw9mfRhwutNzsHX6rG7TB6qk3o_P
[2025-06-18T02:59:19.653Z] [LOG] ⚠️ No new transactions found
[2025-06-18T02:59:21.654Z] [LOG] ➡️ Starting to catch PigShop events
[2025-06-18T02:59:21.655Z] [LOG] 🔍 Listen address: EQBoYAWAd5Wjzij1fX1iLw9mfRhwutNzsHX6rG7TB6qk3o_P
[2025-06-18T02:59:21.655Z] [LOG] 📌 Last known lt: 35820187000003
[2025-06-18T02:59:21.655Z] [LOG] 📌 Last known lt: 35820187000003
[2025-06-18T02:59:21.733Z] [LOG] 👛 Admin wallet loaded: EQBfJH9a8I9C8eU0iu9wRkcWBmNtUZmJzeHGi1IcCTaoHfZr
[2025-06-18T02:59:21.733Z] [LOG] 🏪 PigShop contract opened at: EQBoYAWAd5Wjzij1fX1iLw9mfRhwutNzsHX6rG7TB6qk3o_P
[2025-06-18T02:59:21.905Z] [LOG] ⚠️ No new transactions found
[2025-06-18T02:59:23.905Z] [LOG] ➡️ Starting to catch PigShop events
[2025-06-18T02:59:23.906Z] [LOG] 🔍 Listen address: EQBoYAWAd5Wjzij1fX1iLw9mfRhwutNzsHX6rG7TB6qk3o_P
[2025-06-18T02:59:23.906Z] [LOG] 📌 Last known lt: 35820187000003
[2025-06-18T02:59:23.906Z] [LOG] 📌 Last known lt: 35820187000003
[2025-06-18T02:59:23.985Z] [LOG] 👛 Admin wallet loaded: EQBfJH9a8I9C8eU0iu9wRkcWBmNtUZmJzeHGi1IcCTaoHfZr
[2025-06-18T02:59:23.985Z] [LOG] 🏪 PigShop contract opened at: EQBoYAWAd5Wjzij1fX1iLw9mfRhwutNzsHX6rG7TB6qk3o_P
[2025-06-18T02:59:24.260Z] [LOG] ⚠️ No new transactions found
[2025-06-18T02:59:26.261Z] [LOG] ➡️ Starting to catch PigShop events
[2025-06-18T02:59:26.261Z] [LOG] 🔍 Listen address: EQBoYAWAd5Wjzij1fX1iLw9mfRhwutNzsHX6rG7TB6qk3o_P
[2025-06-18T02:59:26.261Z] [LOG] 📌 Last known lt: 35820187000003
[2025-06-18T02:59:26.261Z] [LOG] 📌 Last known lt: 35820187000003
[2025-06-18T02:59:26.343Z] [LOG] 👛 Admin wallet loaded: EQBfJH9a8I9C8eU0iu9wRkcWBmNtUZmJzeHGi1IcCTaoHfZr
[2025-06-18T02:59:26.344Z] [LOG] 🏪 PigShop contract opened at: EQBoYAWAd5Wjzij1fX1iLw9mfRhwutNzsHX6rG7TB6qk3o_P
[2025-06-18T02:59:26.514Z] [LOG] ⚠️ No new transactions found
[2025-06-18T02:59:28.515Z] [LOG] ➡️ Starting to catch PigShop events
[2025-06-18T02:59:28.515Z] [LOG] 🔍 Listen address: EQBoYAWAd5Wjzij1fX1iLw9mfRhwutNzsHX6rG7TB6qk3o_P
[2025-06-18T02:59:28.515Z] [LOG] 📌 Last known lt: 35820187000003
[2025-06-18T02:59:28.515Z] [LOG] 📌 Last known lt: 35820187000003
[2025-06-18T02:59:28.597Z] [LOG] 👛 Admin wallet loaded: EQBfJH9a8I9C8eU0iu9wRkcWBmNtUZmJzeHGi1IcCTaoHfZr
[2025-06-18T02:59:28.598Z] [LOG] 🏪 PigShop contract opened at: EQBoYAWAd5Wjzij1fX1iLw9mfRhwutNzsHX6rG7TB6qk3o_P
[2025-06-18T02:59:28.768Z] [LOG] ⚠️ No new transactions found
[2025-06-18T02:59:30.768Z] [LOG] ➡️ Starting to catch PigShop events
[2025-06-18T02:59:30.768Z] [LOG] 🔍 Listen address: EQBoYAWAd5Wjzij1fX1iLw9mfRhwutNzsHX6rG7TB6qk3o_P
[2025-06-18T02:59:30.769Z] [LOG] 📌 Last known lt: 35820187000003
[2025-06-18T02:59:30.769Z] [LOG] 📌 Last known lt: 35820187000003
[2025-06-18T02:59:30.849Z] [LOG] 👛 Admin wallet loaded: EQBfJH9a8I9C8eU0iu9wRkcWBmNtUZmJzeHGi1IcCTaoHfZr
[2025-06-18T02:59:30.849Z] [LOG] 🏪 PigShop contract opened at: EQBoYAWAd5Wjzij1fX1iLw9mfRhwutNzsHX6rG7TB6qk3o_P
[2025-06-18T02:59:31.021Z] [LOG] ⚠️ No new transactions found
[2025-06-18T02:59:33.021Z] [LOG] ➡️ Starting to catch PigShop events
[2025-06-18T02:59:33.022Z] [LOG] 🔍 Listen address: EQBoYAWAd5Wjzij1fX1iLw9mfRhwutNzsHX6rG7TB6qk3o_P
[2025-06-18T02:59:33.022Z] [LOG] 📌 Last known lt: 35820187000003
[2025-06-18T02:59:33.022Z] [LOG] 📌 Last known lt: 35820187000003
[2025-06-18T02:59:33.102Z] [LOG] 👛 Admin wallet loaded: EQBfJH9a8I9C8eU0iu9wRkcWBmNtUZmJzeHGi1IcCTaoHfZr
[2025-06-18T02:59:33.103Z] [LOG] 🏪 PigShop contract opened at: EQBoYAWAd5Wjzij1fX1iLw9mfRhwutNzsHX6rG7TB6qk3o_P
[2025-06-18T02:59:33.386Z] [LOG] ⚠️ No new transactions found
[2025-06-18T02:59:35.387Z] [LOG] ➡️ Starting to catch PigShop events
[2025-06-18T02:59:35.387Z] [LOG] 🔍 Listen address: EQBoYAWAd5Wjzij1fX1iLw9mfRhwutNzsHX6rG7TB6qk3o_P
[2025-06-18T02:59:35.387Z] [LOG] 📌 Last known lt: 35820187000003
[2025-06-18T02:59:35.387Z] [LOG] 📌 Last known lt: 35820187000003
[2025-06-18T02:59:35.472Z] [LOG] 👛 Admin wallet loaded: EQBfJH9a8I9C8eU0iu9wRkcWBmNtUZmJzeHGi1IcCTaoHfZr
[2025-06-18T02:59:35.472Z] [LOG] 🏪 PigShop contract opened at: EQBoYAWAd5Wjzij1fX1iLw9mfRhwutNzsHX6rG7TB6qk3o_P
[2025-06-18T02:59:35.642Z] [LOG] ⚠️ No new transactions found
[2025-06-18T02:59:37.642Z] [LOG] ➡️ Starting to catch PigShop events
[2025-06-18T02:59:37.642Z] [LOG] 🔍 Listen address: EQBoYAWAd5Wjzij1fX1iLw9mfRhwutNzsHX6rG7TB6qk3o_P
[2025-06-18T02:59:37.642Z] [LOG] 📌 Last known lt: 35820187000003
[2025-06-18T02:59:37.642Z] [LOG] 📌 Last known lt: 35820187000003
[2025-06-18T02:59:37.714Z] [LOG] 👛 Admin wallet loaded: EQBfJH9a8I9C8eU0iu9wRkcWBmNtUZmJzeHGi1IcCTaoHfZr
[2025-06-18T02:59:37.714Z] [LOG] 🏪 PigShop contract opened at: EQBoYAWAd5Wjzij1fX1iLw9mfRhwutNzsHX6rG7TB6qk3o_P
[2025-06-18T02:59:37.885Z] [LOG] ⚠️ No new transactions found
[2025-06-18T02:59:39.885Z] [LOG] ➡️ Starting to catch PigShop events
[2025-06-18T02:59:39.886Z] [LOG] 🔍 Listen address: EQBoYAWAd5Wjzij1fX1iLw9mfRhwutNzsHX6rG7TB6qk3o_P
[2025-06-18T02:59:39.886Z] [LOG] 📌 Last known lt: 35820187000003
[2025-06-18T02:59:39.886Z] [LOG] 📌 Last known lt: 35820187000003
[2025-06-18T02:59:39.972Z] [LOG] 👛 Admin wallet loaded: EQBfJH9a8I9C8eU0iu9wRkcWBmNtUZmJzeHGi1IcCTaoHfZr
[2025-06-18T02:59:39.972Z] [LOG] 🏪 PigShop contract opened at: EQBoYAWAd5Wjzij1fX1iLw9mfRhwutNzsHX6rG7TB6qk3o_P
[2025-06-18T02:59:40.141Z] [LOG] ⚠️ No new transactions found
[2025-06-18T02:59:42.142Z] [LOG] ➡️ Starting to catch PigShop events
[2025-06-18T02:59:42.143Z] [LOG] 🔍 Listen address: EQBoYAWAd5Wjzij1fX1iLw9mfRhwutNzsHX6rG7TB6qk3o_P
[2025-06-18T02:59:42.143Z] [LOG] 📌 Last known lt: 35820187000003
[2025-06-18T02:59:42.143Z] [LOG] 📌 Last known lt: 35820187000003
[2025-06-18T02:59:42.226Z] [LOG] 👛 Admin wallet loaded: EQBfJH9a8I9C8eU0iu9wRkcWBmNtUZmJzeHGi1IcCTaoHfZr
[2025-06-18T02:59:42.226Z] [LOG] 🏪 PigShop contract opened at: EQBoYAWAd5Wjzij1fX1iLw9mfRhwutNzsHX6rG7TB6qk3o_P
[2025-06-18T02:59:42.399Z] [LOG] ⚠️ No new transactions found
[2025-06-18T02:59:44.400Z] [LOG] ➡️ Starting to catch PigShop events
[2025-06-18T02:59:44.400Z] [LOG] 🔍 Listen address: EQBoYAWAd5Wjzij1fX1iLw9mfRhwutNzsHX6rG7TB6qk3o_P
[2025-06-18T02:59:44.400Z] [LOG] 📌 Last known lt: 35820187000003
[2025-06-18T02:59:44.400Z] [LOG] 📌 Last known lt: 35820187000003
[2025-06-18T02:59:44.474Z] [LOG] 👛 Admin wallet loaded: EQBfJH9a8I9C8eU0iu9wRkcWBmNtUZmJzeHGi1IcCTaoHfZr
[2025-06-18T02:59:44.474Z] [LOG] 🏪 PigShop contract opened at: EQBoYAWAd5Wjzij1fX1iLw9mfRhwutNzsHX6rG7TB6qk3o_P
[2025-06-18T02:59:44.644Z] [LOG] ⚠️ No new transactions found
[2025-06-18T02:59:46.645Z] [LOG] ➡️ Starting to catch PigShop events
[2025-06-18T02:59:46.645Z] [LOG] 🔍 Listen address: EQBoYAWAd5Wjzij1fX1iLw9mfRhwutNzsHX6rG7TB6qk3o_P
[2025-06-18T02:59:46.645Z] [LOG] 📌 Last known lt: 35820187000003
[2025-06-18T02:59:46.645Z] [LOG] 📌 Last known lt: 35820187000003
[2025-06-18T02:59:46.723Z] [LOG] 👛 Admin wallet loaded: EQBfJH9a8I9C8eU0iu9wRkcWBmNtUZmJzeHGi1IcCTaoHfZr
[2025-06-18T02:59:46.723Z] [LOG] 🏪 PigShop contract opened at: EQBoYAWAd5Wjzij1fX1iLw9mfRhwutNzsHX6rG7TB6qk3o_P
[2025-06-18T02:59:46.895Z] [LOG] ⚠️ No new transactions found
[2025-06-18T02:59:48.896Z] [LOG] ➡️ Starting to catch PigShop events
[2025-06-18T02:59:48.896Z] [LOG] 🔍 Listen address: EQBoYAWAd5Wjzij1fX1iLw9mfRhwutNzsHX6rG7TB6qk3o_P
[2025-06-18T02:59:48.896Z] [LOG] 📌 Last known lt: 35820187000003
[2025-06-18T02:59:48.896Z] [LOG] 📌 Last known lt: 35820187000003
[2025-06-18T02:59:48.981Z] [LOG] 👛 Admin wallet loaded: EQBfJH9a8I9C8eU0iu9wRkcWBmNtUZmJzeHGi1IcCTaoHfZr
[2025-06-18T02:59:48.981Z] [LOG] 🏪 PigShop contract opened at: EQBoYAWAd5Wjzij1fX1iLw9mfRhwutNzsHX6rG7TB6qk3o_P
[2025-06-18T02:59:49.248Z] [LOG] ⚠️ No new transactions found
[2025-06-18T02:59:51.249Z] [LOG] ➡️ Starting to catch PigShop events
[2025-06-18T02:59:51.249Z] [LOG] 🔍 Listen address: EQBoYAWAd5Wjzij1fX1iLw9mfRhwutNzsHX6rG7TB6qk3o_P
[2025-06-18T02:59:51.250Z] [LOG] 📌 Last known lt: 35820187000003
[2025-06-18T02:59:51.250Z] [LOG] 📌 Last known lt: 35820187000003
[2025-06-18T02:59:51.332Z] [LOG] 👛 Admin wallet loaded: EQBfJH9a8I9C8eU0iu9wRkcWBmNtUZmJzeHGi1IcCTaoHfZr
[2025-06-18T02:59:51.333Z] [LOG] 🏪 PigShop contract opened at: EQBoYAWAd5Wjzij1fX1iLw9mfRhwutNzsHX6rG7TB6qk3o_P
[2025-06-18T02:59:51.503Z] [LOG] ⚠️ No new transactions found
[2025-06-18T02:59:53.504Z] [LOG] ➡️ Starting to catch PigShop events
[2025-06-18T02:59:53.505Z] [LOG] 🔍 Listen address: EQBoYAWAd5Wjzij1fX1iLw9mfRhwutNzsHX6rG7TB6qk3o_P
[2025-06-18T02:59:53.505Z] [LOG] 📌 Last known lt: 35820187000003
[2025-06-18T02:59:53.505Z] [LOG] 📌 Last known lt: 35820187000003
[2025-06-18T02:59:53.592Z] [LOG] 👛 Admin wallet loaded: EQBfJH9a8I9C8eU0iu9wRkcWBmNtUZmJzeHGi1IcCTaoHfZr
[2025-06-18T02:59:53.592Z] [LOG] 🏪 PigShop contract opened at: EQBoYAWAd5Wjzij1fX1iLw9mfRhwutNzsHX6rG7TB6qk3o_P
[2025-06-18T02:59:53.781Z] [LOG] ⚠️ No new transactions found
[2025-06-18T02:59:55.782Z] [LOG] ➡️ Starting to catch PigShop events
[2025-06-18T02:59:55.782Z] [LOG] 🔍 Listen address: EQBoYAWAd5Wjzij1fX1iLw9mfRhwutNzsHX6rG7TB6qk3o_P
[2025-06-18T02:59:55.782Z] [LOG] 📌 Last known lt: 35820187000003
[2025-06-18T02:59:55.782Z] [LOG] 📌 Last known lt: 35820187000003
[2025-06-18T02:59:55.866Z] [LOG] 👛 Admin wallet loaded: EQBfJH9a8I9C8eU0iu9wRkcWBmNtUZmJzeHGi1IcCTaoHfZr
[2025-06-18T02:59:55.867Z] [LOG] 🏪 PigShop contract opened at: EQBoYAWAd5Wjzij1fX1iLw9mfRhwutNzsHX6rG7TB6qk3o_P
[2025-06-18T02:59:56.044Z] [LOG] ⚠️ No new transactions found
[2025-06-18T02:59:58.044Z] [LOG] ➡️ Starting to catch PigShop events
[2025-06-18T02:59:58.045Z] [LOG] 🔍 Listen address: EQBoYAWAd5Wjzij1fX1iLw9mfRhwutNzsHX6rG7TB6qk3o_P
[2025-06-18T02:59:58.045Z] [LOG] 📌 Last known lt: 35820187000003
[2025-06-18T02:59:58.045Z] [LOG] 📌 Last known lt: 35820187000003
[2025-06-18T02:59:58.118Z] [LOG] 👛 Admin wallet loaded: EQBfJH9a8I9C8eU0iu9wRkcWBmNtUZmJzeHGi1IcCTaoHfZr
[2025-06-18T02:59:58.118Z] [LOG] 🏪 PigShop contract opened at: EQBoYAWAd5Wjzij1fX1iLw9mfRhwutNzsHX6rG7TB6qk3o_P
[2025-06-18T02:59:58.287Z] [LOG] ⚠️ No new transactions found
[2025-06-18T03:00:00.288Z] [LOG] ➡️ Starting to catch PigShop events
[2025-06-18T03:00:00.288Z] [LOG] 🔍 Listen address: EQBoYAWAd5Wjzij1fX1iLw9mfRhwutNzsHX6rG7TB6qk3o_P
[2025-06-18T03:00:00.288Z] [LOG] 📌 Last known lt: 35820187000003
[2025-06-18T03:00:00.288Z] [LOG] 📌 Last known lt: 35820187000003
[2025-06-18T03:00:00.374Z] [LOG] 👛 Admin wallet loaded: EQBfJH9a8I9C8eU0iu9wRkcWBmNtUZmJzeHGi1IcCTaoHfZr
[2025-06-18T03:00:00.374Z] [LOG] 🏪 PigShop contract opened at: EQBoYAWAd5Wjzij1fX1iLw9mfRhwutNzsHX6rG7TB6qk3o_P
[2025-06-18T03:00:00.546Z] [LOG] ⚠️ No new transactions found
[2025-06-18T03:00:02.546Z] [LOG] ➡️ Starting to catch PigShop events
[2025-06-18T03:00:02.546Z] [LOG] 🔍 Listen address: EQBoYAWAd5Wjzij1fX1iLw9mfRhwutNzsHX6rG7TB6qk3o_P
[2025-06-18T03:00:02.546Z] [LOG] 📌 Last known lt: 35820187000003
[2025-06-18T03:00:02.547Z] [LOG] 📌 Last known lt: 35820187000003
[2025-06-18T03:00:02.630Z] [LOG] 👛 Admin wallet loaded: EQBfJH9a8I9C8eU0iu9wRkcWBmNtUZmJzeHGi1IcCTaoHfZr
[2025-06-18T03:00:02.630Z] [LOG] 🏪 PigShop contract opened at: EQBoYAWAd5Wjzij1fX1iLw9mfRhwutNzsHX6rG7TB6qk3o_P
[2025-06-18T03:00:02.801Z] [LOG] ⚠️ No new transactions found
[2025-06-18T03:00:04.802Z] [LOG] ➡️ Starting to catch PigShop events
[2025-06-18T03:00:04.802Z] [LOG] 🔍 Listen address: EQBoYAWAd5Wjzij1fX1iLw9mfRhwutNzsHX6rG7TB6qk3o_P
[2025-06-18T03:00:04.802Z] [LOG] 📌 Last known lt: 35820187000003
[2025-06-18T03:00:04.802Z] [LOG] 📌 Last known lt: 35820187000003
[2025-06-18T03:00:04.876Z] [LOG] 👛 Admin wallet loaded: EQBfJH9a8I9C8eU0iu9wRkcWBmNtUZmJzeHGi1IcCTaoHfZr
[2025-06-18T03:00:04.876Z] [LOG] 🏪 PigShop contract opened at: EQBoYAWAd5Wjzij1fX1iLw9mfRhwutNzsHX6rG7TB6qk3o_P
[2025-06-18T03:00:05.048Z] [LOG] ⚠️ No new transactions found
[2025-06-18T03:00:07.049Z] [LOG] ➡️ Starting to catch PigShop events
[2025-06-18T03:00:07.049Z] [LOG] 🔍 Listen address: EQBoYAWAd5Wjzij1fX1iLw9mfRhwutNzsHX6rG7TB6qk3o_P
[2025-06-18T03:00:07.049Z] [LOG] 📌 Last known lt: 35820187000003
[2025-06-18T03:00:07.049Z] [LOG] 📌 Last known lt: 35820187000003
[2025-06-18T03:00:07.129Z] [LOG] 👛 Admin wallet loaded: EQBfJH9a8I9C8eU0iu9wRkcWBmNtUZmJzeHGi1IcCTaoHfZr
[2025-06-18T03:00:07.130Z] [LOG] 🏪 PigShop contract opened at: EQBoYAWAd5Wjzij1fX1iLw9mfRhwutNzsHX6rG7TB6qk3o_P
[2025-06-18T03:00:07.301Z] [LOG] ⚠️ No new transactions found
[2025-06-18T03:00:09.302Z] [LOG] ➡️ Starting to catch PigShop events
[2025-06-18T03:00:09.302Z] [LOG] 🔍 Listen address: EQBoYAWAd5Wjzij1fX1iLw9mfRhwutNzsHX6rG7TB6qk3o_P
[2025-06-18T03:00:09.302Z] [LOG] 📌 Last known lt: 35820187000003
[2025-06-18T03:00:09.302Z] [LOG] 📌 Last known lt: 35820187000003
[2025-06-18T03:00:09.374Z] [LOG] 👛 Admin wallet loaded: EQBfJH9a8I9C8eU0iu9wRkcWBmNtUZmJzeHGi1IcCTaoHfZr
[2025-06-18T03:00:09.374Z] [LOG] 🏪 PigShop contract opened at: EQBoYAWAd5Wjzij1fX1iLw9mfRhwutNzsHX6rG7TB6qk3o_P
[2025-06-18T03:00:09.625Z] [LOG] ⚠️ No new transactions found
[2025-06-18T03:00:11.626Z] [LOG] ➡️ Starting to catch PigShop events
[2025-06-18T03:00:11.627Z] [LOG] 🔍 Listen address: EQBoYAWAd5Wjzij1fX1iLw9mfRhwutNzsHX6rG7TB6qk3o_P
[2025-06-18T03:00:11.627Z] [LOG] 📌 Last known lt: 35820187000003
[2025-06-18T03:00:11.627Z] [LOG] 📌 Last known lt: 35820187000003
[2025-06-18T03:00:11.717Z] [LOG] 👛 Admin wallet loaded: EQBfJH9a8I9C8eU0iu9wRkcWBmNtUZmJzeHGi1IcCTaoHfZr
[2025-06-18T03:00:11.717Z] [LOG] 🏪 PigShop contract opened at: EQBoYAWAd5Wjzij1fX1iLw9mfRhwutNzsHX6rG7TB6qk3o_P
[2025-06-18T03:00:11.886Z] [LOG] ⚠️ No new transactions found
[2025-06-18T03:00:13.887Z] [LOG] ➡️ Starting to catch PigShop events
[2025-06-18T03:00:13.887Z] [LOG] 🔍 Listen address: EQBoYAWAd5Wjzij1fX1iLw9mfRhwutNzsHX6rG7TB6qk3o_P
[2025-06-18T03:00:13.887Z] [LOG] 📌 Last known lt: 35820187000003
[2025-06-18T03:00:13.887Z] [LOG] 📌 Last known lt: 35820187000003
[2025-06-18T03:00:13.976Z] [LOG] 👛 Admin wallet loaded: EQBfJH9a8I9C8eU0iu9wRkcWBmNtUZmJzeHGi1IcCTaoHfZr
[2025-06-18T03:00:13.977Z] [LOG] 🏪 PigShop contract opened at: EQBoYAWAd5Wjzij1fX1iLw9mfRhwutNzsHX6rG7TB6qk3o_P
[2025-06-18T03:00:14.148Z] [LOG] ⚠️ No new transactions found
[2025-06-18T03:00:16.149Z] [LOG] ➡️ Starting to catch PigShop events
[2025-06-18T03:00:16.149Z] [LOG] 🔍 Listen address: EQBoYAWAd5Wjzij1fX1iLw9mfRhwutNzsHX6rG7TB6qk3o_P
[2025-06-18T03:00:16.149Z] [LOG] 📌 Last known lt: 35820187000003
[2025-06-18T03:00:16.149Z] [LOG] 📌 Last known lt: 35820187000003
[2025-06-18T03:00:16.230Z] [LOG] 👛 Admin wallet loaded: EQBfJH9a8I9C8eU0iu9wRkcWBmNtUZmJzeHGi1IcCTaoHfZr
[2025-06-18T03:00:16.230Z] [LOG] 🏪 PigShop contract opened at: EQBoYAWAd5Wjzij1fX1iLw9mfRhwutNzsHX6rG7TB6qk3o_P
[2025-06-18T03:00:16.494Z] [LOG] ⚠️ No new transactions found
[2025-06-18T03:00:18.495Z] [LOG] ➡️ Starting to catch PigShop events
[2025-06-18T03:00:18.495Z] [LOG] 🔍 Listen address: EQBoYAWAd5Wjzij1fX1iLw9mfRhwutNzsHX6rG7TB6qk3o_P
[2025-06-18T03:00:18.495Z] [LOG] 📌 Last known lt: 35820187000003
[2025-06-18T03:00:18.495Z] [LOG] 📌 Last known lt: 35820187000003
[2025-06-18T03:00:18.572Z] [LOG] 👛 Admin wallet loaded: EQBfJH9a8I9C8eU0iu9wRkcWBmNtUZmJzeHGi1IcCTaoHfZr
[2025-06-18T03:00:18.572Z] [LOG] 🏪 PigShop contract opened at: EQBoYAWAd5Wjzij1fX1iLw9mfRhwutNzsHX6rG7TB6qk3o_P
[2025-06-18T03:00:18.740Z] [LOG] ⚠️ No new transactions found
[2025-06-18T03:00:20.741Z] [LOG] ➡️ Starting to catch PigShop events
[2025-06-18T03:00:20.741Z] [LOG] 🔍 Listen address: EQBoYAWAd5Wjzij1fX1iLw9mfRhwutNzsHX6rG7TB6qk3o_P
[2025-06-18T03:00:20.741Z] [LOG] 📌 Last known lt: 35820187000003
[2025-06-18T03:00:20.741Z] [LOG] 📌 Last known lt: 35820187000003
[2025-06-18T03:00:20.820Z] [LOG] 👛 Admin wallet loaded: EQBfJH9a8I9C8eU0iu9wRkcWBmNtUZmJzeHGi1IcCTaoHfZr
[2025-06-18T03:00:20.820Z] [LOG] 🏪 PigShop contract opened at: EQBoYAWAd5Wjzij1fX1iLw9mfRhwutNzsHX6rG7TB6qk3o_P
[2025-06-18T03:00:20.995Z] [LOG] ⚠️ No new transactions found
[2025-06-18T03:00:22.995Z] [LOG] ➡️ Starting to catch PigShop events
[2025-06-18T03:00:22.995Z] [LOG] 🔍 Listen address: EQBoYAWAd5Wjzij1fX1iLw9mfRhwutNzsHX6rG7TB6qk3o_P
[2025-06-18T03:00:22.995Z] [LOG] 📌 Last known lt: 35820187000003
[2025-06-18T03:00:22.995Z] [LOG] 📌 Last known lt: 35820187000003
[2025-06-18T03:00:23.081Z] [LOG] 👛 Admin wallet loaded: EQBfJH9a8I9C8eU0iu9wRkcWBmNtUZmJzeHGi1IcCTaoHfZr
[2025-06-18T03:00:23.081Z] [LOG] 🏪 PigShop contract opened at: EQBoYAWAd5Wjzij1fX1iLw9mfRhwutNzsHX6rG7TB6qk3o_P
[2025-06-18T03:00:23.348Z] [LOG] ⚠️ No new transactions found
[2025-06-18T03:00:25.349Z] [LOG] ➡️ Starting to catch PigShop events
[2025-06-18T03:00:25.349Z] [LOG] 🔍 Listen address: EQBoYAWAd5Wjzij1fX1iLw9mfRhwutNzsHX6rG7TB6qk3o_P
[2025-06-18T03:00:25.349Z] [LOG] 📌 Last known lt: 35820187000003
[2025-06-18T03:00:25.349Z] [LOG] 📌 Last known lt: 35820187000003
[2025-06-18T03:00:25.428Z] [LOG] 👛 Admin wallet loaded: EQBfJH9a8I9C8eU0iu9wRkcWBmNtUZmJzeHGi1IcCTaoHfZr
[2025-06-18T03:00:25.428Z] [LOG] 🏪 PigShop contract opened at: EQBoYAWAd5Wjzij1fX1iLw9mfRhwutNzsHX6rG7TB6qk3o_P
[2025-06-18T03:00:25.603Z] [LOG] ⚠️ No new transactions found
[2025-06-18T03:00:27.604Z] [LOG] ➡️ Starting to catch PigShop events
[2025-06-18T03:00:27.604Z] [LOG] 🔍 Listen address: EQBoYAWAd5Wjzij1fX1iLw9mfRhwutNzsHX6rG7TB6qk3o_P
[2025-06-18T03:00:27.604Z] [LOG] 📌 Last known lt: 35820187000003
[2025-06-18T03:00:27.604Z] [LOG] 📌 Last known lt: 35820187000003
[2025-06-18T03:00:27.690Z] [LOG] 👛 Admin wallet loaded: EQBfJH9a8I9C8eU0iu9wRkcWBmNtUZmJzeHGi1IcCTaoHfZr
[2025-06-18T03:00:27.691Z] [LOG] 🏪 PigShop contract opened at: EQBoYAWAd5Wjzij1fX1iLw9mfRhwutNzsHX6rG7TB6qk3o_P
[2025-06-18T03:00:27.862Z] [LOG] ⚠️ No new transactions found
[2025-06-18T03:00:29.984Z] [LOG] ➡️ Starting to catch PigShop events
[2025-06-18T03:00:29.984Z] [LOG] 🔍 Listen address: EQBoYAWAd5Wjzij1fX1iLw9mfRhwutNzsHX6rG7TB6qk3o_P
[2025-06-18T03:00:29.984Z] [LOG] 📌 Last known lt: 35820187000003
[2025-06-18T03:00:29.984Z] [LOG] 📌 Last known lt: 35820187000003
[2025-06-18T03:00:30.077Z] [LOG] 👛 Admin wallet loaded: EQBfJH9a8I9C8eU0iu9wRkcWBmNtUZmJzeHGi1IcCTaoHfZr
[2025-06-18T03:00:30.077Z] [LOG] 🏪 PigShop contract opened at: EQBoYAWAd5Wjzij1fX1iLw9mfRhwutNzsHX6rG7TB6qk3o_P
[2025-06-18T03:00:30.247Z] [LOG] ⚠️ No new transactions found
[2025-06-18T03:00:32.248Z] [LOG] ➡️ Starting to catch PigShop events
[2025-06-18T03:00:32.248Z] [LOG] 🔍 Listen address: EQBoYAWAd5Wjzij1fX1iLw9mfRhwutNzsHX6rG7TB6qk3o_P
[2025-06-18T03:00:32.248Z] [LOG] 📌 Last known lt: 35820187000003
[2025-06-18T03:00:32.248Z] [LOG] 📌 Last known lt: 35820187000003
[2025-06-18T03:00:32.329Z] [LOG] 👛 Admin wallet loaded: EQBfJH9a8I9C8eU0iu9wRkcWBmNtUZmJzeHGi1IcCTaoHfZr
[2025-06-18T03:00:32.329Z] [LOG] 🏪 PigShop contract opened at: EQBoYAWAd5Wjzij1fX1iLw9mfRhwutNzsHX6rG7TB6qk3o_P
[2025-06-18T03:00:32.498Z] [LOG] ⚠️ No new transactions found
[2025-06-18T03:00:34.499Z] [LOG] ➡️ Starting to catch PigShop events
[2025-06-18T03:00:34.499Z] [LOG] 🔍 Listen address: EQBoYAWAd5Wjzij1fX1iLw9mfRhwutNzsHX6rG7TB6qk3o_P
[2025-06-18T03:00:34.499Z] [LOG] 📌 Last known lt: 35820187000003
[2025-06-18T03:00:34.499Z] [LOG] 📌 Last known lt: 35820187000003
[2025-06-18T03:00:34.588Z] [LOG] 👛 Admin wallet loaded: EQBfJH9a8I9C8eU0iu9wRkcWBmNtUZmJzeHGi1IcCTaoHfZr
[2025-06-18T03:00:34.588Z] [LOG] 🏪 PigShop contract opened at: EQBoYAWAd5Wjzij1fX1iLw9mfRhwutNzsHX6rG7TB6qk3o_P
[2025-06-18T03:00:34.891Z] [LOG] ⚠️ No new transactions found
[2025-06-18T03:00:36.893Z] [LOG] ➡️ Starting to catch PigShop events
[2025-06-18T03:00:36.893Z] [LOG] 🔍 Listen address: EQBoYAWAd5Wjzij1fX1iLw9mfRhwutNzsHX6rG7TB6qk3o_P
[2025-06-18T03:00:36.893Z] [LOG] 📌 Last known lt: 35820187000003
[2025-06-18T03:00:36.893Z] [LOG] 📌 Last known lt: 35820187000003
[2025-06-18T03:00:36.975Z] [LOG] 👛 Admin wallet loaded: EQBfJH9a8I9C8eU0iu9wRkcWBmNtUZmJzeHGi1IcCTaoHfZr
[2025-06-18T03:00:36.975Z] [LOG] 🏪 PigShop contract opened at: EQBoYAWAd5Wjzij1fX1iLw9mfRhwutNzsHX6rG7TB6qk3o_P
[2025-06-18T03:00:37.172Z] [LOG] ⚠️ No new transactions found
[2025-06-18T03:00:39.173Z] [LOG] ➡️ Starting to catch PigShop events
[2025-06-18T03:00:39.173Z] [LOG] 🔍 Listen address: EQBoYAWAd5Wjzij1fX1iLw9mfRhwutNzsHX6rG7TB6qk3o_P
[2025-06-18T03:00:39.174Z] [LOG] 📌 Last known lt: 35820187000003
[2025-06-18T03:00:39.174Z] [LOG] 📌 Last known lt: 35820187000003
[2025-06-18T03:00:39.253Z] [LOG] 👛 Admin wallet loaded: EQBfJH9a8I9C8eU0iu9wRkcWBmNtUZmJzeHGi1IcCTaoHfZr
[2025-06-18T03:00:39.253Z] [LOG] 🏪 PigShop contract opened at: EQBoYAWAd5Wjzij1fX1iLw9mfRhwutNzsHX6rG7TB6qk3o_P
[2025-06-18T03:00:39.423Z] [LOG] ⚠️ No new transactions found
[2025-06-18T03:00:41.424Z] [LOG] ➡️ Starting to catch PigShop events
[2025-06-18T03:00:41.424Z] [LOG] 🔍 Listen address: EQBoYAWAd5Wjzij1fX1iLw9mfRhwutNzsHX6rG7TB6qk3o_P
[2025-06-18T03:00:41.425Z] [LOG] 📌 Last known lt: 35820187000003
[2025-06-18T03:00:41.425Z] [LOG] 📌 Last known lt: 35820187000003
[2025-06-18T03:00:41.507Z] [LOG] 👛 Admin wallet loaded: EQBfJH9a8I9C8eU0iu9wRkcWBmNtUZmJzeHGi1IcCTaoHfZr
[2025-06-18T03:00:41.507Z] [LOG] 🏪 PigShop contract opened at: EQBoYAWAd5Wjzij1fX1iLw9mfRhwutNzsHX6rG7TB6qk3o_P
[2025-06-18T03:00:41.676Z] [LOG] ⚠️ No new transactions found
[2025-06-18T03:00:43.677Z] [LOG] ➡️ Starting to catch PigShop events
[2025-06-18T03:00:43.677Z] [LOG] 🔍 Listen address: EQBoYAWAd5Wjzij1fX1iLw9mfRhwutNzsHX6rG7TB6qk3o_P
[2025-06-18T03:00:43.678Z] [LOG] 📌 Last known lt: 35820187000003
[2025-06-18T03:00:43.678Z] [LOG] 📌 Last known lt: 35820187000003
[2025-06-18T03:00:43.755Z] [LOG] 👛 Admin wallet loaded: EQBfJH9a8I9C8eU0iu9wRkcWBmNtUZmJzeHGi1IcCTaoHfZr
[2025-06-18T03:00:43.755Z] [LOG] 🏪 PigShop contract opened at: EQBoYAWAd5Wjzij1fX1iLw9mfRhwutNzsHX6rG7TB6qk3o_P
[2025-06-18T03:00:43.924Z] [LOG] ⚠️ No new transactions found
[2025-06-18T03:00:45.925Z] [LOG] ➡️ Starting to catch PigShop events
[2025-06-18T03:00:45.925Z] [LOG] 🔍 Listen address: EQBoYAWAd5Wjzij1fX1iLw9mfRhwutNzsHX6rG7TB6qk3o_P
[2025-06-18T03:00:45.925Z] [LOG] 📌 Last known lt: 35820187000003
[2025-06-18T03:00:45.925Z] [LOG] 📌 Last known lt: 35820187000003
[2025-06-18T03:00:45.997Z] [LOG] 👛 Admin wallet loaded: EQBfJH9a8I9C8eU0iu9wRkcWBmNtUZmJzeHGi1IcCTaoHfZr
[2025-06-18T03:00:45.997Z] [LOG] 🏪 PigShop contract opened at: EQBoYAWAd5Wjzij1fX1iLw9mfRhwutNzsHX6rG7TB6qk3o_P
[2025-06-18T03:00:46.183Z] [LOG] ⚠️ No new transactions found
[2025-06-18T03:00:48.183Z] [LOG] ➡️ Starting to catch PigShop events
[2025-06-18T03:00:48.184Z] [LOG] 🔍 Listen address: EQBoYAWAd5Wjzij1fX1iLw9mfRhwutNzsHX6rG7TB6qk3o_P
[2025-06-18T03:00:48.184Z] [LOG] 📌 Last known lt: 35820187000003
[2025-06-18T03:00:48.184Z] [LOG] 📌 Last known lt: 35820187000003
[2025-06-18T03:00:48.265Z] [LOG] 👛 Admin wallet loaded: EQBfJH9a8I9C8eU0iu9wRkcWBmNtUZmJzeHGi1IcCTaoHfZr
[2025-06-18T03:00:48.266Z] [LOG] 🏪 PigShop contract opened at: EQBoYAWAd5Wjzij1fX1iLw9mfRhwutNzsHX6rG7TB6qk3o_P
[2025-06-18T03:00:48.539Z] [LOG] ⚠️ No new transactions found
[2025-06-18T03:00:50.540Z] [LOG] ➡️ Starting to catch PigShop events
[2025-06-18T03:00:50.540Z] [LOG] 🔍 Listen address: EQBoYAWAd5Wjzij1fX1iLw9mfRhwutNzsHX6rG7TB6qk3o_P
[2025-06-18T03:00:50.540Z] [LOG] 📌 Last known lt: 35820187000003
[2025-06-18T03:00:50.540Z] [LOG] 📌 Last known lt: 35820187000003
[2025-06-18T03:00:50.621Z] [LOG] 👛 Admin wallet loaded: EQBfJH9a8I9C8eU0iu9wRkcWBmNtUZmJzeHGi1IcCTaoHfZr
[2025-06-18T03:00:50.622Z] [LOG] 🏪 PigShop contract opened at: EQBoYAWAd5Wjzij1fX1iLw9mfRhwutNzsHX6rG7TB6qk3o_P
[2025-06-18T03:00:50.803Z] [LOG] ⚠️ No new transactions found
[2025-06-18T03:00:52.804Z] [LOG] ➡️ Starting to catch PigShop events
[2025-06-18T03:00:52.804Z] [LOG] 🔍 Listen address: EQBoYAWAd5Wjzij1fX1iLw9mfRhwutNzsHX6rG7TB6qk3o_P
[2025-06-18T03:00:52.804Z] [LOG] 📌 Last known lt: 35820187000003
[2025-06-18T03:00:52.804Z] [LOG] 📌 Last known lt: 35820187000003
[2025-06-18T03:00:52.886Z] [LOG] 👛 Admin wallet loaded: EQBfJH9a8I9C8eU0iu9wRkcWBmNtUZmJzeHGi1IcCTaoHfZr
[2025-06-18T03:00:52.886Z] [LOG] 🏪 PigShop contract opened at: EQBoYAWAd5Wjzij1fX1iLw9mfRhwutNzsHX6rG7TB6qk3o_P
[2025-06-18T03:00:53.146Z] [LOG] ⚠️ No new transactions found
[2025-06-18T03:00:55.147Z] [LOG] ➡️ Starting to catch PigShop events
[2025-06-18T03:00:55.148Z] [LOG] 🔍 Listen address: EQBoYAWAd5Wjzij1fX1iLw9mfRhwutNzsHX6rG7TB6qk3o_P
[2025-06-18T03:00:55.148Z] [LOG] 📌 Last known lt: 35820187000003
[2025-06-18T03:00:55.148Z] [LOG] 📌 Last known lt: 35820187000003
[2025-06-18T03:00:55.222Z] [LOG] 👛 Admin wallet loaded: EQBfJH9a8I9C8eU0iu9wRkcWBmNtUZmJzeHGi1IcCTaoHfZr
[2025-06-18T03:00:55.222Z] [LOG] 🏪 PigShop contract opened at: EQBoYAWAd5Wjzij1fX1iLw9mfRhwutNzsHX6rG7TB6qk3o_P
[2025-06-18T03:00:55.501Z] [LOG] ⚠️ No new transactions found
[2025-06-18T03:00:57.502Z] [LOG] ➡️ Starting to catch PigShop events
[2025-06-18T03:00:57.502Z] [LOG] 🔍 Listen address: EQBoYAWAd5Wjzij1fX1iLw9mfRhwutNzsHX6rG7TB6qk3o_P
[2025-06-18T03:00:57.502Z] [LOG] 📌 Last known lt: 35820187000003
[2025-06-18T03:00:57.502Z] [LOG] 📌 Last known lt: 35820187000003
[2025-06-18T03:00:57.575Z] [LOG] 👛 Admin wallet loaded: EQBfJH9a8I9C8eU0iu9wRkcWBmNtUZmJzeHGi1IcCTaoHfZr
[2025-06-18T03:00:57.575Z] [LOG] 🏪 PigShop contract opened at: EQBoYAWAd5Wjzij1fX1iLw9mfRhwutNzsHX6rG7TB6qk3o_P
[2025-06-18T03:00:57.759Z] [LOG] ⚠️ No new transactions found
[2025-06-18T03:00:59.760Z] [LOG] ➡️ Starting to catch PigShop events
[2025-06-18T03:00:59.760Z] [LOG] 🔍 Listen address: EQBoYAWAd5Wjzij1fX1iLw9mfRhwutNzsHX6rG7TB6qk3o_P
[2025-06-18T03:00:59.760Z] [LOG] 📌 Last known lt: 35820187000003
[2025-06-18T03:00:59.760Z] [LOG] 📌 Last known lt: 35820187000003
[2025-06-18T03:00:59.832Z] [LOG] 👛 Admin wallet loaded: EQBfJH9a8I9C8eU0iu9wRkcWBmNtUZmJzeHGi1IcCTaoHfZr
[2025-06-18T03:00:59.832Z] [LOG] 🏪 PigShop contract opened at: EQBoYAWAd5Wjzij1fX1iLw9mfRhwutNzsHX6rG7TB6qk3o_P
[2025-06-18T03:01:00.008Z] [LOG] ⚠️ No new transactions found
[2025-06-18T03:01:02.009Z] [LOG] ➡️ Starting to catch PigShop events
[2025-06-18T03:01:02.009Z] [LOG] 🔍 Listen address: EQBoYAWAd5Wjzij1fX1iLw9mfRhwutNzsHX6rG7TB6qk3o_P
[2025-06-18T03:01:02.009Z] [LOG] 📌 Last known lt: 35820187000003
[2025-06-18T03:01:02.009Z] [LOG] 📌 Last known lt: 35820187000003
[2025-06-18T03:01:02.082Z] [LOG] 👛 Admin wallet loaded: EQBfJH9a8I9C8eU0iu9wRkcWBmNtUZmJzeHGi1IcCTaoHfZr
[2025-06-18T03:01:02.083Z] [LOG] 🏪 PigShop contract opened at: EQBoYAWAd5Wjzij1fX1iLw9mfRhwutNzsHX6rG7TB6qk3o_P
[2025-06-18T03:01:02.257Z] [LOG] ⚠️ No new transactions found
[2025-06-18T03:01:04.257Z] [LOG] ➡️ Starting to catch PigShop events
[2025-06-18T03:01:04.258Z] [LOG] 🔍 Listen address: EQBoYAWAd5Wjzij1fX1iLw9mfRhwutNzsHX6rG7TB6qk3o_P
[2025-06-18T03:01:04.258Z] [LOG] 📌 Last known lt: 35820187000003
[2025-06-18T03:01:04.258Z] [LOG] 📌 Last known lt: 35820187000003
[2025-06-18T03:01:04.337Z] [LOG] 👛 Admin wallet loaded: EQBfJH9a8I9C8eU0iu9wRkcWBmNtUZmJzeHGi1IcCTaoHfZr
[2025-06-18T03:01:04.337Z] [LOG] 🏪 PigShop contract opened at: EQBoYAWAd5Wjzij1fX1iLw9mfRhwutNzsHX6rG7TB6qk3o_P
[2025-06-18T03:01:04.508Z] [LOG] ⚠️ No new transactions found
[2025-06-18T03:01:06.509Z] [LOG] ➡️ Starting to catch PigShop events
[2025-06-18T03:01:06.509Z] [LOG] 🔍 Listen address: EQBoYAWAd5Wjzij1fX1iLw9mfRhwutNzsHX6rG7TB6qk3o_P
[2025-06-18T03:01:06.509Z] [LOG] 📌 Last known lt: 35820187000003
[2025-06-18T03:01:06.509Z] [LOG] 📌 Last known lt: 35820187000003
[2025-06-18T03:01:06.587Z] [LOG] 👛 Admin wallet loaded: EQBfJH9a8I9C8eU0iu9wRkcWBmNtUZmJzeHGi1IcCTaoHfZr
[2025-06-18T03:01:06.587Z] [LOG] 🏪 PigShop contract opened at: EQBoYAWAd5Wjzij1fX1iLw9mfRhwutNzsHX6rG7TB6qk3o_P
[2025-06-18T03:01:06.881Z] [LOG] ⚠️ No new transactions found
[2025-06-18T03:01:08.882Z] [LOG] ➡️ Starting to catch PigShop events
[2025-06-18T03:01:08.883Z] [LOG] 🔍 Listen address: EQBoYAWAd5Wjzij1fX1iLw9mfRhwutNzsHX6rG7TB6qk3o_P
[2025-06-18T03:01:08.883Z] [LOG] 📌 Last known lt: 35820187000003
[2025-06-18T03:01:08.883Z] [LOG] 📌 Last known lt: 35820187000003
[2025-06-18T03:01:08.970Z] [LOG] 👛 Admin wallet loaded: EQBfJH9a8I9C8eU0iu9wRkcWBmNtUZmJzeHGi1IcCTaoHfZr
[2025-06-18T03:01:08.970Z] [LOG] 🏪 PigShop contract opened at: EQBoYAWAd5Wjzij1fX1iLw9mfRhwutNzsHX6rG7TB6qk3o_P
[2025-06-18T03:01:09.223Z] [LOG] ⚠️ No new transactions found
[2025-06-18T03:01:11.225Z] [LOG] ➡️ Starting to catch PigShop events
[2025-06-18T03:01:11.225Z] [LOG] 🔍 Listen address: EQBoYAWAd5Wjzij1fX1iLw9mfRhwutNzsHX6rG7TB6qk3o_P
[2025-06-18T03:01:11.225Z] [LOG] 📌 Last known lt: 35820187000003
[2025-06-18T03:01:11.225Z] [LOG] 📌 Last known lt: 35820187000003
[2025-06-18T03:01:11.300Z] [LOG] 👛 Admin wallet loaded: EQBfJH9a8I9C8eU0iu9wRkcWBmNtUZmJzeHGi1IcCTaoHfZr
[2025-06-18T03:01:11.300Z] [LOG] 🏪 PigShop contract opened at: EQBoYAWAd5Wjzij1fX1iLw9mfRhwutNzsHX6rG7TB6qk3o_P
[2025-06-18T03:01:11.469Z] [LOG] ⚠️ No new transactions found
[2025-06-18T03:01:13.470Z] [LOG] ➡️ Starting to catch PigShop events
[2025-06-18T03:01:13.471Z] [LOG] 🔍 Listen address: EQBoYAWAd5Wjzij1fX1iLw9mfRhwutNzsHX6rG7TB6qk3o_P
[2025-06-18T03:01:13.471Z] [LOG] 📌 Last known lt: 35820187000003
[2025-06-18T03:01:13.471Z] [LOG] 📌 Last known lt: 35820187000003
[2025-06-18T03:01:13.557Z] [LOG] 👛 Admin wallet loaded: EQBfJH9a8I9C8eU0iu9wRkcWBmNtUZmJzeHGi1IcCTaoHfZr
[2025-06-18T03:01:13.557Z] [LOG] 🏪 PigShop contract opened at: EQBoYAWAd5Wjzij1fX1iLw9mfRhwutNzsHX6rG7TB6qk3o_P
[2025-06-18T03:01:13.731Z] [LOG] ⚠️ No new transactions found
[2025-06-18T03:01:15.730Z] [LOG] ➡️ Starting to catch PigShop events
[2025-06-18T03:01:15.731Z] [LOG] 🔍 Listen address: EQBoYAWAd5Wjzij1fX1iLw9mfRhwutNzsHX6rG7TB6qk3o_P
[2025-06-18T03:01:15.731Z] [LOG] 📌 Last known lt: 35820187000003
[2025-06-18T03:01:15.731Z] [LOG] 📌 Last known lt: 35820187000003
[2025-06-18T03:01:15.816Z] [LOG] 👛 Admin wallet loaded: EQBfJH9a8I9C8eU0iu9wRkcWBmNtUZmJzeHGi1IcCTaoHfZr
[2025-06-18T03:01:15.816Z] [LOG] 🏪 PigShop contract opened at: EQBoYAWAd5Wjzij1fX1iLw9mfRhwutNzsHX6rG7TB6qk3o_P
[2025-06-18T03:01:15.989Z] [LOG] ⚠️ No new transactions found
[2025-06-18T03:01:17.989Z] [LOG] ➡️ Starting to catch PigShop events
[2025-06-18T03:01:17.989Z] [LOG] 🔍 Listen address: EQBoYAWAd5Wjzij1fX1iLw9mfRhwutNzsHX6rG7TB6qk3o_P
[2025-06-18T03:01:17.989Z] [LOG] 📌 Last known lt: 35820187000003
[2025-06-18T03:01:17.989Z] [LOG] 📌 Last known lt: 35820187000003
[2025-06-18T03:01:18.074Z] [LOG] 👛 Admin wallet loaded: EQBfJH9a8I9C8eU0iu9wRkcWBmNtUZmJzeHGi1IcCTaoHfZr
[2025-06-18T03:01:18.074Z] [LOG] 🏪 PigShop contract opened at: EQBoYAWAd5Wjzij1fX1iLw9mfRhwutNzsHX6rG7TB6qk3o_P
[2025-06-18T03:01:18.337Z] [LOG] ⚠️ No new transactions found
[2025-06-18T03:01:20.338Z] [LOG] ➡️ Starting to catch PigShop events
[2025-06-18T03:01:20.338Z] [LOG] 🔍 Listen address: EQBoYAWAd5Wjzij1fX1iLw9mfRhwutNzsHX6rG7TB6qk3o_P
[2025-06-18T03:01:20.338Z] [LOG] 📌 Last known lt: 35820187000003
[2025-06-18T03:01:20.338Z] [LOG] 📌 Last known lt: 35820187000003
[2025-06-18T03:01:20.414Z] [LOG] 👛 Admin wallet loaded: EQBfJH9a8I9C8eU0iu9wRkcWBmNtUZmJzeHGi1IcCTaoHfZr
[2025-06-18T03:01:20.414Z] [LOG] 🏪 PigShop contract opened at: EQBoYAWAd5Wjzij1fX1iLw9mfRhwutNzsHX6rG7TB6qk3o_P
[2025-06-18T03:01:20.586Z] [LOG] ⚠️ No new transactions found
[2025-06-18T03:01:22.586Z] [LOG] ➡️ Starting to catch PigShop events
[2025-06-18T03:01:22.587Z] [LOG] 🔍 Listen address: EQBoYAWAd5Wjzij1fX1iLw9mfRhwutNzsHX6rG7TB6qk3o_P
[2025-06-18T03:01:22.587Z] [LOG] 📌 Last known lt: 35820187000003
[2025-06-18T03:01:22.587Z] [LOG] 📌 Last known lt: 35820187000003
[2025-06-18T03:01:22.670Z] [LOG] 👛 Admin wallet loaded: EQBfJH9a8I9C8eU0iu9wRkcWBmNtUZmJzeHGi1IcCTaoHfZr
[2025-06-18T03:01:22.670Z] [LOG] 🏪 PigShop contract opened at: EQBoYAWAd5Wjzij1fX1iLw9mfRhwutNzsHX6rG7TB6qk3o_P
[2025-06-18T03:01:22.945Z] [LOG] ⚠️ No new transactions found
[2025-06-18T03:01:24.946Z] [LOG] ➡️ Starting to catch PigShop events
[2025-06-18T03:01:24.946Z] [LOG] 🔍 Listen address: EQBoYAWAd5Wjzij1fX1iLw9mfRhwutNzsHX6rG7TB6qk3o_P
[2025-06-18T03:01:24.946Z] [LOG] 📌 Last known lt: 35820187000003
[2025-06-18T03:01:24.946Z] [LOG] 📌 Last known lt: 35820187000003
[2025-06-18T03:01:25.032Z] [LOG] 👛 Admin wallet loaded: EQBfJH9a8I9C8eU0iu9wRkcWBmNtUZmJzeHGi1IcCTaoHfZr
[2025-06-18T03:01:25.032Z] [LOG] 🏪 PigShop contract opened at: EQBoYAWAd5Wjzij1fX1iLw9mfRhwutNzsHX6rG7TB6qk3o_P
[2025-06-18T03:01:25.210Z] [LOG] ⚠️ No new transactions found
[2025-06-18T03:01:27.210Z] [LOG] ➡️ Starting to catch PigShop events
[2025-06-18T03:01:27.210Z] [LOG] 🔍 Listen address: EQBoYAWAd5Wjzij1fX1iLw9mfRhwutNzsHX6rG7TB6qk3o_P
[2025-06-18T03:01:27.210Z] [LOG] 📌 Last known lt: 35820187000003
[2025-06-18T03:01:27.210Z] [LOG] 📌 Last known lt: 35820187000003
[2025-06-18T03:01:27.298Z] [LOG] 👛 Admin wallet loaded: EQBfJH9a8I9C8eU0iu9wRkcWBmNtUZmJzeHGi1IcCTaoHfZr
[2025-06-18T03:01:27.298Z] [LOG] 🏪 PigShop contract opened at: EQBoYAWAd5Wjzij1fX1iLw9mfRhwutNzsHX6rG7TB6qk3o_P
[2025-06-18T03:01:27.472Z] [LOG] ⚠️ No new transactions found
[2025-06-18T03:01:29.472Z] [LOG] ➡️ Starting to catch PigShop events
[2025-06-18T03:01:29.473Z] [LOG] 🔍 Listen address: EQBoYAWAd5Wjzij1fX1iLw9mfRhwutNzsHX6rG7TB6qk3o_P
[2025-06-18T03:01:29.473Z] [LOG] 📌 Last known lt: 35820187000003
[2025-06-18T03:01:29.473Z] [LOG] 📌 Last known lt: 35820187000003
[2025-06-18T03:01:29.583Z] [LOG] 👛 Admin wallet loaded: EQBfJH9a8I9C8eU0iu9wRkcWBmNtUZmJzeHGi1IcCTaoHfZr
[2025-06-18T03:01:29.583Z] [LOG] 🏪 PigShop contract opened at: EQBoYAWAd5Wjzij1fX1iLw9mfRhwutNzsHX6rG7TB6qk3o_P
[2025-06-18T03:01:29.757Z] [LOG] ⚠️ No new transactions found
[2025-06-18T03:01:31.757Z] [LOG] ➡️ Starting to catch PigShop events
[2025-06-18T03:01:31.757Z] [LOG] 🔍 Listen address: EQBoYAWAd5Wjzij1fX1iLw9mfRhwutNzsHX6rG7TB6qk3o_P
[2025-06-18T03:01:31.757Z] [LOG] 📌 Last known lt: 35820187000003
[2025-06-18T03:01:31.757Z] [LOG] 📌 Last known lt: 35820187000003
[2025-06-18T03:01:31.846Z] [LOG] 👛 Admin wallet loaded: EQBfJH9a8I9C8eU0iu9wRkcWBmNtUZmJzeHGi1IcCTaoHfZr
[2025-06-18T03:01:31.847Z] [LOG] 🏪 PigShop contract opened at: EQBoYAWAd5Wjzij1fX1iLw9mfRhwutNzsHX6rG7TB6qk3o_P
[2025-06-18T03:01:32.020Z] [LOG] ⚠️ No new transactions found
[2025-06-18T03:01:34.021Z] [LOG] ➡️ Starting to catch PigShop events
[2025-06-18T03:01:34.022Z] [LOG] 🔍 Listen address: EQBoYAWAd5Wjzij1fX1iLw9mfRhwutNzsHX6rG7TB6qk3o_P
[2025-06-18T03:01:34.022Z] [LOG] 📌 Last known lt: 35820187000003
[2025-06-18T03:01:34.022Z] [LOG] 📌 Last known lt: 35820187000003
[2025-06-18T03:01:34.111Z] [LOG] 👛 Admin wallet loaded: EQBfJH9a8I9C8eU0iu9wRkcWBmNtUZmJzeHGi1IcCTaoHfZr
[2025-06-18T03:01:34.111Z] [LOG] 🏪 PigShop contract opened at: EQBoYAWAd5Wjzij1fX1iLw9mfRhwutNzsHX6rG7TB6qk3o_P
[2025-06-18T03:01:34.312Z] [LOG] ⚠️ No new transactions found
[2025-06-18T03:01:36.530Z] [LOG] ➡️ Starting to catch PigShop events
[2025-06-18T03:01:36.530Z] [LOG] 🔍 Listen address: EQBoYAWAd5Wjzij1fX1iLw9mfRhwutNzsHX6rG7TB6qk3o_P
[2025-06-18T03:01:36.530Z] [LOG] 📌 Last known lt: 35820187000003
[2025-06-18T03:01:36.530Z] [LOG] 📌 Last known lt: 35820187000003
[2025-06-18T03:01:36.663Z] [LOG] 👛 Admin wallet loaded: EQBfJH9a8I9C8eU0iu9wRkcWBmNtUZmJzeHGi1IcCTaoHfZr
[2025-06-18T03:01:36.663Z] [LOG] 🏪 PigShop contract opened at: EQBoYAWAd5Wjzij1fX1iLw9mfRhwutNzsHX6rG7TB6qk3o_P
[2025-06-18T03:01:36.835Z] [LOG] ⚠️ No new transactions found
[2025-06-18T03:01:38.836Z] [LOG] ➡️ Starting to catch PigShop events
[2025-06-18T03:01:38.836Z] [LOG] 🔍 Listen address: EQBoYAWAd5Wjzij1fX1iLw9mfRhwutNzsHX6rG7TB6qk3o_P
[2025-06-18T03:01:38.836Z] [LOG] 📌 Last known lt: 35820187000003
[2025-06-18T03:01:38.836Z] [LOG] 📌 Last known lt: 35820187000003
[2025-06-18T03:01:38.927Z] [LOG] 👛 Admin wallet loaded: EQBfJH9a8I9C8eU0iu9wRkcWBmNtUZmJzeHGi1IcCTaoHfZr
[2025-06-18T03:01:38.927Z] [LOG] 🏪 PigShop contract opened at: EQBoYAWAd5Wjzij1fX1iLw9mfRhwutNzsHX6rG7TB6qk3o_P
[2025-06-18T03:01:39.097Z] [LOG] ⚠️ No new transactions found
[2025-06-18T03:01:41.098Z] [LOG] ➡️ Starting to catch PigShop events
[2025-06-18T03:01:41.099Z] [LOG] 🔍 Listen address: EQBoYAWAd5Wjzij1fX1iLw9mfRhwutNzsHX6rG7TB6qk3o_P
[2025-06-18T03:01:41.099Z] [LOG] 📌 Last known lt: 35820187000003
[2025-06-18T03:01:41.099Z] [LOG] 📌 Last known lt: 35820187000003
[2025-06-18T03:01:41.187Z] [LOG] 👛 Admin wallet loaded: EQBfJH9a8I9C8eU0iu9wRkcWBmNtUZmJzeHGi1IcCTaoHfZr
[2025-06-18T03:01:41.187Z] [LOG] 🏪 PigShop contract opened at: EQBoYAWAd5Wjzij1fX1iLw9mfRhwutNzsHX6rG7TB6qk3o_P
[2025-06-18T03:01:41.385Z] [LOG] 📦 Transactions fetched: 1
[2025-06-18T03:01:41.385Z] [LOG] 🔁 Processing transaction: dcef74960a83ffcc1d747d866a6b9f059e5b8871a33a56a5191bfebb40a63f6c
[2025-06-18T03:01:41.386Z] [LOG] 💬 Out message: UpgradePig
[2025-06-18T03:01:41.388Z] [LOG] ✅ Detected UpgradePig event
[2025-06-18T03:01:41.389Z] [LOG] the parsed event is [object Object]
[2025-06-18T03:01:41.390Z] [LOG] 📍 Processing event for user: EQDVYHUaVzoNC62Q-G9tR0_6ZDrRBHMABZ_MBe-ktMeYg8SJ
[2025-06-18T03:01:41.590Z] [ERROR] Error in listenPigShopForever: TypeError: Cannot read properties of null (reading 'length')
[2025-06-18T03:01:41.591Z] [LOG] restarting...
[2025-06-18T03:01:43.591Z] [LOG] ➡️ Starting to catch PigShop events
[2025-06-18T03:01:43.591Z] [LOG] 🔍 Listen address: EQBoYAWAd5Wjzij1fX1iLw9mfRhwutNzsHX6rG7TB6qk3o_P
[2025-06-18T03:01:43.591Z] [LOG] 📌 Last known lt: 35820187000003
[2025-06-18T03:01:43.591Z] [LOG] 📌 Last known lt: 35820187000003
[2025-06-18T03:01:43.670Z] [LOG] 👛 Admin wallet loaded: EQBfJH9a8I9C8eU0iu9wRkcWBmNtUZmJzeHGi1IcCTaoHfZr
[2025-06-18T03:01:43.670Z] [LOG] 🏪 PigShop contract opened at: EQBoYAWAd5Wjzij1fX1iLw9mfRhwutNzsHX6rG7TB6qk3o_P
[2025-06-18T03:01:43.844Z] [LOG] 📦 Transactions fetched: 1
[2025-06-18T03:01:43.845Z] [LOG] 🔁 Processing transaction: dcef74960a83ffcc1d747d866a6b9f059e5b8871a33a56a5191bfebb40a63f6c
[2025-06-18T03:01:43.845Z] [LOG] 💬 Out message: UpgradePig
[2025-06-18T03:01:43.845Z] [LOG] ✅ Detected UpgradePig event
[2025-06-18T03:01:43.846Z] [LOG] the parsed event is [object Object]
[2025-06-18T03:01:43.846Z] [LOG] 📍 Processing event for user: EQDVYHUaVzoNC62Q-G9tR0_6ZDrRBHMABZ_MBe-ktMeYg8SJ
[2025-06-18T03:01:44.016Z] [ERROR] Error in listenPigShopForever: TypeError: Cannot read properties of null (reading 'length')
[2025-06-18T03:01:44.016Z] [LOG] restarting...
[2025-06-18T03:01:46.018Z] [LOG] ➡️ Starting to catch PigShop events
[2025-06-18T03:01:46.018Z] [LOG] 🔍 Listen address: EQBoYAWAd5Wjzij1fX1iLw9mfRhwutNzsHX6rG7TB6qk3o_P
[2025-06-18T03:01:46.018Z] [LOG] 📌 Last known lt: 35820187000003
[2025-06-18T03:01:46.018Z] [LOG] 📌 Last known lt: 35820187000003
[2025-06-18T03:01:46.095Z] [LOG] 👛 Admin wallet loaded: EQBfJH9a8I9C8eU0iu9wRkcWBmNtUZmJzeHGi1IcCTaoHfZr
[2025-06-18T03:01:46.095Z] [LOG] 🏪 PigShop contract opened at: EQBoYAWAd5Wjzij1fX1iLw9mfRhwutNzsHX6rG7TB6qk3o_P
[2025-06-18T03:01:46.298Z] [LOG] 📦 Transactions fetched: 1
[2025-06-18T03:01:46.298Z] [LOG] 🔁 Processing transaction: dcef74960a83ffcc1d747d866a6b9f059e5b8871a33a56a5191bfebb40a63f6c
[2025-06-18T03:01:46.299Z] [LOG] 💬 Out message: UpgradePig
[2025-06-18T03:01:46.299Z] [LOG] ✅ Detected UpgradePig event
[2025-06-18T03:01:46.299Z] [LOG] the parsed event is [object Object]
[2025-06-18T03:01:46.299Z] [LOG] 📍 Processing event for user: EQDVYHUaVzoNC62Q-G9tR0_6ZDrRBHMABZ_MBe-ktMeYg8SJ
[2025-06-18T03:01:46.507Z] [ERROR] Error in listenPigShopForever: TypeError: Cannot read properties of null (reading 'length')
[2025-06-18T03:01:46.507Z] [LOG] restarting...
[2025-06-18T03:01:48.508Z] [LOG] ➡️ Starting to catch PigShop events
[2025-06-18T03:01:48.509Z] [LOG] 🔍 Listen address: EQBoYAWAd5Wjzij1fX1iLw9mfRhwutNzsHX6rG7TB6qk3o_P
[2025-06-18T03:01:48.509Z] [LOG] 📌 Last known lt: 35820187000003
[2025-06-18T03:01:48.509Z] [LOG] 📌 Last known lt: 35820187000003
[2025-06-18T03:01:48.594Z] [LOG] 👛 Admin wallet loaded: EQBfJH9a8I9C8eU0iu9wRkcWBmNtUZmJzeHGi1IcCTaoHfZr
[2025-06-18T03:01:48.595Z] [LOG] 🏪 PigShop contract opened at: EQBoYAWAd5Wjzij1fX1iLw9mfRhwutNzsHX6rG7TB6qk3o_P
[2025-06-18T03:01:48.770Z] [LOG] 📦 Transactions fetched: 1
[2025-06-18T03:01:48.770Z] [LOG] 🔁 Processing transaction: dcef74960a83ffcc1d747d866a6b9f059e5b8871a33a56a5191bfebb40a63f6c
[2025-06-18T03:01:48.770Z] [LOG] 💬 Out message: UpgradePig
[2025-06-18T03:01:48.771Z] [LOG] ✅ Detected UpgradePig event
[2025-06-18T03:01:48.771Z] [LOG] the parsed event is [object Object]
[2025-06-18T03:01:48.771Z] [LOG] 📍 Processing event for user: EQDVYHUaVzoNC62Q-G9tR0_6ZDrRBHMABZ_MBe-ktMeYg8SJ
[2025-06-18T03:01:48.938Z] [ERROR] Error in listenPigShopForever: TypeError: Cannot read properties of null (reading 'length')
[2025-06-18T03:01:48.938Z] [LOG] restarting...
[2025-06-18T03:01:50.939Z] [LOG] ➡️ Starting to catch PigShop events
[2025-06-18T03:01:50.939Z] [LOG] 🔍 Listen address: EQBoYAWAd5Wjzij1fX1iLw9mfRhwutNzsHX6rG7TB6qk3o_P
[2025-06-18T03:01:50.939Z] [LOG] 📌 Last known lt: 35820187000003
[2025-06-18T03:01:50.939Z] [LOG] 📌 Last known lt: 35820187000003
[2025-06-18T03:01:51.028Z] [LOG] 👛 Admin wallet loaded: EQBfJH9a8I9C8eU0iu9wRkcWBmNtUZmJzeHGi1IcCTaoHfZr
[2025-06-18T03:01:51.028Z] [LOG] 🏪 PigShop contract opened at: EQBoYAWAd5Wjzij1fX1iLw9mfRhwutNzsHX6rG7TB6qk3o_P
[2025-06-18T03:01:51.219Z] [LOG] 📦 Transactions fetched: 1
[2025-06-18T03:01:51.219Z] [LOG] 🔁 Processing transaction: dcef74960a83ffcc1d747d866a6b9f059e5b8871a33a56a5191bfebb40a63f6c
[2025-06-18T03:01:51.219Z] [LOG] 💬 Out message: UpgradePig
[2025-06-18T03:01:51.220Z] [LOG] ✅ Detected UpgradePig event
[2025-06-18T03:01:51.220Z] [LOG] the parsed event is [object Object]
[2025-06-18T03:01:51.220Z] [LOG] 📍 Processing event for user: EQDVYHUaVzoNC62Q-G9tR0_6ZDrRBHMABZ_MBe-ktMeYg8SJ
[2025-06-18T03:01:51.415Z] [ERROR] Error in listenPigShopForever: TypeError: Cannot read properties of null (reading 'length')
[2025-06-18T03:01:51.415Z] [LOG] restarting...
[2025-06-18T03:01:53.416Z] [LOG] ➡️ Starting to catch PigShop events
[2025-06-18T03:01:53.416Z] [LOG] 🔍 Listen address: EQBoYAWAd5Wjzij1fX1iLw9mfRhwutNzsHX6rG7TB6qk3o_P
[2025-06-18T03:01:53.416Z] [LOG] 📌 Last known lt: 35820187000003
[2025-06-18T03:01:53.416Z] [LOG] 📌 Last known lt: 35820187000003
[2025-06-18T03:01:53.502Z] [LOG] 👛 Admin wallet loaded: EQBfJH9a8I9C8eU0iu9wRkcWBmNtUZmJzeHGi1IcCTaoHfZr
[2025-06-18T03:01:53.502Z] [LOG] 🏪 PigShop contract opened at: EQBoYAWAd5Wjzij1fX1iLw9mfRhwutNzsHX6rG7TB6qk3o_P
